0,87.4,52762,85.4,28.2
1000,94.4,42934,81.9,22
1001,91.8,53899,86.5,21.6
1003,114.6,51321,87.9,27.2
1005,31,34041,72.4,13.9
1007,36.8,40506,75.9,9.8
1009,88.9,45404,73.2,11.3
1011,17.5,31955,72,14.4
1013,27,31273,74.7,12.4
1015,195.7,39467,77.9,15.8
1017,57.4,32186,74.2,10.5
1019,46.9,37833,73.5,11.3
1021,63,40418,74.8,12.4
1023,15.2,32188,73.6,10.5
1025,20.9,29668,78.1,13.2
1027,23.1,35410,72.8,9.1
1029,26.7,38785,73,9.4
1031,73.6,42065,80.2,21.3
1033,91.8,40247,80.8,17.4
1035,15.6,27977,72.7,11.6
1037,17.7,37191,76.2,9.5
1039,36.6,33544,76.6,12.9
1041,22.8,38041,76.1,11.6
1043,109.4,38703,76.6,14.2
1045,89.6,45491,83.1,17.6
1047,44.8,26909,76.2,13.6
1049,91.5,36853,70.3,10.7
1051,128.2,54831,84.9,21.2
1053,40.5,31638,73.7,11.8
1055,195.2,37772,81.7,15.3
1057,27.5,33378,74.6,10.9
1059,50,35831,71.6,11.4
1061,46.6,35237,74.6,10.3
1063,14,23004,73,10.6
1065,24.5,29236,71,10
1067,30.8,39948,76.4,14.8
1069,175.1,41766,82.9,18.8
1071,49.4,36383,74.4,13.5
1073,592.5,45750,86.7,29
1075,24.1,34711,76.3,9.4
1077,138.8,39702,82.9,21.6
1079,49.7,40009,77.7,12.3
1081,230.8,42320,85.5,31.2
1083,147.8,47199,80.4,21.1
1085,15.8,27905,74.3,13.7
1087,35.2,29355,78.9,21.1
1089,417.7,57453,88.9,37.4
1091,21.5,35165,80.9,17.8
1093,41.5,31799,69.2,8.5
1095,164.4,38563,74.5,15.2
1097,335.9,42187,82.9,20.1
1099,22.5,29849,75.4,10.4
1101,292.5,44587,84.6,31.2
1103,206.3,45564,81.9,19
1105,14.7,27222,71.7,12.6
1107,22.4,29096,77,10.3
1109,48.9,31179,79.9,23.4
1111,39.5,35823,71.2,12.2
1113,82.6,33754,77.4,12.6
1115,132.3,49200,79.9,14.6
1117,248.5,68883,91.4,40
1119,15.2,21964,75.4,13.6
1121,111.7,36609,76.6,12.3
1123,58.1,39423,77.6,17.1
1125,147.3,43538,85.3,26
1127,84.7,37161,76,10
1129,16.3,40286,80.7,10.1
1131,13.1,23750,72.4,12
1133,39.9,32557,70.9,11.5
2000,1.2,69014,91.4,27.2
2013,0.4,57083,80,17.8
2016,1.3,75179,78.9,11.1
2020,171.2,75485,92.1,32.3
2050,0.4,52063,79.2,12.5
2060,2,80000,91.2,19.6
2068,0.1,82898,90.8,24.2
2070,0.3,57681,82.4,19.2
2090,13.3,68922,93,27.7
2100,1.1,51667,95,31.6
2105,0.3,49545,90.1,27.9
2110,11.6,77465,95.9,36.4
2122,3.4,59256,92.4,23.1
2130,2.8,57243,93,24.6
2150,2.1,66326,91.2,24.5
2164,0.1,51429,86.5,19.8
2170,3.6,70343,92.3,20.9
2180,0.4,52435,83.8,15.7
2185,0.1,76667,82.9,17.6
2188,0.2,59893,79.5,12.2
2195,1.2,64216,94.6,24.2
2198,1.4,45513,88.6,16.1
2220,3.1,69798,92.9,34.7
2230,2.1,73000,95,28.8
2240,0.3,59917,91.8,20.8
2261,0.3,62238,91.6,24.5
2270,0.4,39583,74.6,6.9
2275,0.9,50000,90.4,19.3
2282,0.1,74844,93.8,25.8
2290,0,35335,79.7,10.1
4000,56.3,50752,85.2,26.4
4001,6.4,31011,73.1,10.1
4003,21.3,45906,85,21.9
4005,7.2,49615,86.8,31.5
4007,11.3,37905,84.1,15.5
4009,8.1,43083,82.6,14.4
4011,4.6,49390,86.4,11.9
4012,4.6,32220,75.4,9.3
4013,414.9,55099,85.8,29.1
4015,15,40573,83.9,12.2
4017,10.8,38975,80.4,14.3
4019,106.7,46341,87,29.5
4021,70,51212,84.5,18.1
4023,38.3,38092,71.2,18
4025,26,44084,89.8,24.2
4027,35.5,41441,71.9,13.9
5000,56,40149,82.7,19.6
5001,19.2,38986,80.8,13
5003,23.6,35657,81.6,12.5
5005,74.9,35589,85.3,14.9
5007,261.2,52159,85,27.6
5009,62.5,37703,84.7,14.2
5011,17.7,32337,73.8,11.4
5013,8.5,30625,79.6,6.7
5015,43.6,36031,80.4,17.1
5017,18.3,23954,70.7,13.2
5019,26.6,32998,84.1,22.3
5021,25.2,31135,74.5,9.3
5023,46.9,38510,81.5,16.3
5025,14.5,34292,85.5,14
5027,32.1,36163,84.4,20.5
5029,38.5,31890,82.3,14
5031,136.4,40221,84.1,23.7
5033,104.4,40409,78.9,13.2
5035,83.5,35264,77.2,13.5
5037,29,38432,77.8,12
5039,12.2,30011,80,12.7
5041,16.9,30786,75.5,13.4
5043,22.3,32038,81.9,19.8
5045,174.8,47649,87.6,25.9
5047,29.8,34819,83.7,12.4
5049,19.8,33281,81,11.5
5051,141.7,38210,85.1,20.6
5053,28.3,50927,84,15.1
5055,72.9,39090,82.2,12.1
5057,31.1,34885,80.5,14.5
5059,53.5,38188,81.2,12.3
5061,23.4,37146,77.1,12.7
5063,48,34878,81.5,13.2
5065,23.6,31865,80.1,12.7
5067,28.4,31352,75.3,8
5069,88.9,37682,82.6,16.9
5071,38.7,31400,76.4,16
5073,14.5,30152,77.6,12.8
5075,29.6,32337,75.8,9.4
5077,17.3,25270,68.7,6.5
5079,25.2,31480,70.9,9
5081,24.7,38564,82.1,12.5
5083,31.6,38447,78.2,11.2
5085,88.7,51096,85.6,17.3
5087,18.8,35579,75.3,12.2
5089,27.9,34063,84.8,14.5
5091,69.5,40200,83,12.9
5093,51.6,34267,75.7,12.6
5095,13.4,28306,71.5,13.7
5097,12.2,34934,81.3,11.3
5099,14.6,38006,76.4,10.3
5101,10.1,29702,79.8,12.6
5103,35.6,33008,83.2,13.2
5105,18.9,42514,81.5,11.5
5107,31.3,28225,72.9,12.2
5109,18.8,32457,78.8,11.3
5111,32.4,31939,72.8,9.4
5113,24.1,32395,81.6,10.6
5115,76,40325,82.2,20.4
5117,13.4,36194,76.7,9.9
5119,503.8,45897,88.8,31.3
5121,27.6,33072,80,11.5
5123,44.5,26360,74.1,10.2
5125,148,52982,88.6,22.9
5127,12.6,38910,76,11.1
5129,12.3,29384,72.9,8.5
5131,236.4,40680,82.2,19
5133,30.2,35289,70,9.2
5135,28.6,29590,83,12.8
5137,20.4,31364,79.2,11.8
5139,40.1,37794,81.6,16.5
5141,24.4,32906,81.3,12.7
5143,215.6,41474,82.1,27.6
5145,74.5,41618,82.5,18.4
5147,12.4,27047,72.9,9.6
5149,23.9,37477,70.8,10.5
6000,239.1,61632,80.8,30.2
6001,2043.6,70821,86,40.8
6003,1.6,59018,92,32
6005,64.1,56180,87.3,18.8
6007,134.4,42971,86.1,24
6009,44.7,55256,92.4,20.7
6011,18.6,49558,70.5,13
6013,1465.2,79135,88.5,38.4
6015,28.4,37588,78.2,14.3
6017,106,68815,93,30.8
6019,156.2,46903,72.8,19.5
6021,21.4,43239,74,15.5
6023,37.7,40376,90.2,26.3
6025,41.8,39402,63.4,12.8
6027,1.8,49571,88.8,22.5
6029,103.3,48021,71.2,14.6
6031,110.1,48838,70.7,12.5
6033,51.5,39525,87.2,16.2
6035,7.7,52484,79.8,12.4
6037,2419.6,56266,76.1,29.2
6039,70.6,47724,67.8,14
6041,485.1,89605,92,54
6043,12.6,49174,88.7,20.5
6045,25.1,44527,83.6,22.1
6047,132.2,43945,66.7,12.3
6049,2.5,35402,83.1,16.2
6051,4.7,60469,86.3,30.3
6053,126.5,59737,70.5,23.2
6055,182.4,68641,82.6,30.7
6057,103.1,58077,94.9,32.4
6059,3807.7,75762,83.4,36.2
6061,247.6,74645,93.4,34.6
6063,7.8,44151,90.7,21.1
6065,303.8,58365,79.3,20.6
6067,1470.8,56553,85.2,27.7
6069,39.8,65570,75.3,18.3
6071,101.5,55853,77.8,18.6
6073,735.8,63857,85.3,34.2
6075,17179.1,72947,85.7,51.4
6077,492.6,53764,76.6,17.6
6079,81.7,58630,88.9,30.8
6081,1602.2,87633,88.4,43.9
6083,155,61896,80.2,31.3
6085,1381,89064,86.5,45.5
6087,589.4,66030,84,38.1
6089,46.9,44058,87.6,19.7
6091,3.4,50308,88.2,18.6
6093,7.2,37865,88.8,22.6
6095,503,69914,86.2,24.2
6097,307.1,64343,86.4,31.8
6099,344.2,50671,75.6,16.4
6101,157.3,50010,78.2,18.9
6103,21.5,38753,80.3,12.6
6105,4.3,37672,90.3,19.3
6107,91.7,43550,67.8,12.9
6109,24.9,47359,88.3,17.9
6111,446.7,76728,82.5,31
6113,197.9,57920,84.1,38.4
6115,114.2,46617,78.3,12.7
8000,48.5,57685,89.7,36.3
8001,378.2,56089,81.5,20.7
8003,21.4,38299,87.1,24.7
8005,716.7,59937,90.6,38.3
8007,8.9,60170,92.1,33.5
8009,1.5,37111,85.7,17.5
8011,4.3,35667,78.4,11.3
8013,405.6,66479,93.7,57.7
8014,1691.9,76531,94.9,45.6
8015,17.6,43684,90.7,32.2
8017,1,47188,84.1,15.6
8019,23,62756,96.5,39.9
8021,6.4,34435,82,20.6
8023,2.9,25949,75.8,15.3
8025,7.4,40636,68.9,10.7
8027,5.8,43358,94.4,30.8
8029,27.1,41856,87,17.7
8031,3922.6,47499,84.7,41.3
8033,1.9,44077,88.1,15.5
8035,339.7,101193,97.5,54.6
8037,31,70914,87.8,46.9
8039,12.5,79367,96.8,30.2
8041,292.6,57079,92.8,35.1
8043,30.5,38979,83.9,16.5
8045,19.1,63929,85.3,24.8
8047,36.3,59394,94.1,27.4
8049,8,64281,94.3,29.6
8051,4.7,50073,92.7,47
8053,0.8,77321,95.1,41.5
8055,4.2,29737,83.2,25
8057,0.9,48571,90.1,21.8
8059,699.5,67827,93.2,39.7
8061,0.8,41542,91.2,23
8063,3.8,43194,83.8,15.4
8065,19.4,40543,80.8,21.7
8067,30.3,56910,93.9,41
8069,115.4,57215,93.9,43.1
8071,3.2,40617,83.5,18.2
8073,2.1,43375,79.9,12.3
8075,12.4,42324,87.5,16.4
8077,44.1,52986,89.8,26.1
8079,0.8,54375,97.6,39.7
8081,2.9,50758,86.5,14.1
8083,12.6,45623,89.2,26.1
8085,18.4,47479,84.6,22.9
8087,22,42792,78.1,14.6
8089,14.9,31246,80.6,13.6
8091,8.2,61935,96.9,42.1
8093,7.4,61284,94.8,33.8
8095,6.5,44717,85.8,19.3
8097,17.7,68242,95.5,56.5
8099,7.7,34513,80.9,18.9
8101,66.7,41273,85.7,21.5
8103,2.1,63125,93.3,23
8105,13.1,37885,85.2,19.2
8107,10,64230,97.3,47.9
8109,1.9,33672,77.3,20.1
8111,1.8,36378,90.6,26.5
8113,5.7,66789,95.7,50.4
8115,4.3,36797,85.2,15
8117,46,67915,94.7,49.2
8119,41.9,57931,94.1,29.9
8121,1.9,43945,87,18.6
8123,63.4,55825,85.2,25.6
8125,4.2,44991,86.4,16.4
9000,738.1,69243,88.6,35.7
9001,1467.2,82558,88.4,44
9003,1216.2,64007,87.3,33.9
9005,206.3,71497,91.3,32.7
9007,448.6,77095,93,38.3
9009,1426.7,62497,87.8,32.3
9011,412.2,67010,90.1,30.9
9013,372.2,80333,92.4,36.5
9015,230.9,60063,85.5,22
10000,460.8,59317,87.4,28
10001,276.9,54783,84.9,20
10003,1263.2,64158,88.9,32.7
10005,210.6,53215,85.3,21.9
11000,9856.5,61835,87.1,50.5
11001,9856.6,61835,87.1,50.5
12000,350.6,47827,85.5,26
12001,282.7,41373,90.3,41.1
12003,46.3,47041,78.4,7.4
12005,222.6,48225,87.1,21
12007,97,41397,74.4,8.8
12009,535,50068,90.3,26.4
12011,1444.9,51782,87.3,29.9
12013,25.8,31142,71.9,7.9
12015,235.2,45112,88.4,20.9
12017,242.8,38189,85.2,16.5
12019,315.8,59994,89.9,23.2
12021,160.9,56876,85.3,31.6
12023,84.7,38589,81.2,13.1
12027,54.7,36407,68.9,11.4
12029,23.3,34243,75.8,8.9
12031,1133.9,49964,87.5,25.2
12033,453.4,43707,87.1,23.3
12035,197.1,48708,90.1,22
12037,21.6,37017,79.4,17.6
12039,89.8,33453,76.3,13.2
12041,48.4,38467,81.3,11.4
12043,16,39611,74,10.3
12045,28.1,41291,77.3,13.3
12047,28.8,36683,74.8,8.4
12049,43.5,38046,63.2,9.3
12051,34,37989,63.5,9.4
12053,365.6,42700,86,16.2
12055,97.2,34913,79.3,14.5
12057,1204.9,50195,86,29
12059,41.6,33510,72,10.1
12061,274.5,46363,86.9,26.4
12063,54.2,39869,79.1,13.6
12065,24.7,42096,81,15.5
12067,16.3,49713,81.8,10.3
12069,316.6,47509,87.1,20.1
12071,788.7,49444,87,24.6
12073,413.1,45827,91.2,43.1
12075,36.5,35920,80.7,12.2
12077,10,40893,73.2,13.2
12079,27.6,36557,76.2,10.9
12081,434.5,48181,86.7,26
12083,209.1,40103,84.8,16.8
12085,269.2,53612,88.7,29.9
12086,1315.5,43957,77.6,26.2
12087,74.3,53889,89.3,27.8
12089,113,58933,86.6,21.8
12091,194.4,54140,90.7,26.9
12093,52,36929,69,10.1
12095,1268.5,49731,86.9,30
12097,202.4,46479,84.2,18
12099,670.2,52951,87.1,32.2
12101,622.2,44103,86.6,19.7
12103,3347.5,45891,88.3,27
12105,334.9,44398,82.1,18
12107,102.2,34174,77.7,12.5
12109,316.4,64153,92.5,39.3
12111,485.7,44947,83.2,17.9
12113,149.6,55913,89.3,25.6
12115,682.6,49212,91.1,29.3
12117,1367,58908,91.1,34
12119,170.8,44817,85.5,20
12121,60.3,37775,80.7,10.1
12123,21.6,38005,77.7,10.8
12125,63.8,45645,76,10
12127,449.2,44169,87.5,20.8
12129,50.8,54151,86.5,17.3
12131,53,46926,86.2,24.9
12133,42.7,37036,79.8,12.3
13000,168.4,49736,84,27.5
13001,36,34989,75.1,9.3
13003,24.7,32814,64.9,8.3
13005,42.9,32065,71.9,8
13007,10.1,27255,81.3,9.7
13009,177.3,36429,81.3,19
13011,79.3,41397,75.2,11.1
13013,432.7,50604,79.5,16.1
13015,217.9,49060,79.5,16.7
13017,70.5,31943,73.2,12.3
13019,42.7,32512,72.2,11.3
13021,622.8,37975,81.5,22.6
13023,60.5,35997,75.3,12.3
13025,41.6,38374,76.9,4.6
13027,32.9,40186,79.1,13.9
13029,69.3,64651,87.8,29
13031,104.4,33902,85.8,26.3
13033,28.2,32188,76.5,9.1
13035,128.3,49339,76.3,8.1
13037,23.9,32986,66,9.3
13039,82.4,51061,89.3,20.3
13043,45.3,37315,78.2,15.4
13045,221.5,45752,79.7,18.4
13047,394.3,46549,82.7,17.8
13049,15.7,42307,65.5,8.7
13051,621.7,45985,88,29.6
13053,45.3,49969,93.6,28.4
13055,83,32224,68.2,7.8
13057,508.3,66717,89,33.6
13059,979.1,34151,84.9,40.7
13061,16.3,24750,76.9,9.5
13063,1832.5,42936,82.1,17.8
13065,8.5,33143,69.2,13.9
13067,2026.4,65423,90.5,44
13069,73.7,34327,73.6,11.8
13071,83.6,33345,71.7,11.9
13073,427.6,66556,90.6,34.3
13075,75.8,35306,71.9,9.9
13077,288.8,61015,87.2,26.2
13079,38.9,37746,77.9,11.7
13081,86,32616,76.2,11.5
13083,95.6,41629,80.3,17.6
13085,105.9,51989,85.5,21.9
13087,46.6,31391,77.2,12.2
13089,2585.7,51712,88.3,39.3
13091,44,33829,77.8,13.6
13093,38.1,30830,71.4,10.2
13095,287.7,32364,80,18.6
13097,661.8,54763,86.3,24.2
13099,21.5,27645,76.2,13.5
13101,9.7,29476,62.7,6.9
13103,109.4,58935,85.3,15.8
13105,57.4,32634,75.8,11.4
13107,33.2,30427,73.5,10
13109,60.2,38000,75.9,12.7
13111,61.2,34554,78.3,14.8
13113,548.3,81498,93.5,41.7
13115,188.9,43129,76.8,18.1
13117,783.5,88262,90.6,42.8
13119,84.5,33086,73.5,14
13121,1748,57582,90.1,48.1
13123,66.3,37091,75.5,14.3
13125,21.4,36275,73.8,9.9
13127,189.7,49828,86.1,25.9
13129,155.1,41336,74.3,13.6
13131,55,32091,73.6,10.5
13133,41.3,38209,74,18.7
13135,1871.2,63076,87.1,34.7
13137,155.5,41222,76.7,18.1
13139,457.5,52050,78,22.1
13141,20,24483,74.8,13.8
13143,102,38664,71.2,12
13145,69,67299,88.9,27.7
13147,108.5,35685,77.1,14.9
13149,40,39167,69.5,7
13151,633,64251,89.7,25.2
13153,372.5,55738,87.5,24.5
13155,26.9,40379,76,7.5
13157,178.1,52883,79.4,17.6
13159,37.8,44404,81.9,16.7
13161,45.6,35336,76.4,11.6
13163,32.2,29178,72,8.5
13165,24,25467,68.4,13.5
13167,32.9,31301,69.9,11.5
13169,72.8,51265,88.8,17.3
13171,99.8,39684,79,10.9
13173,54.4,40878,74.1,13.5
13175,60,37640,80,16
13177,79.5,58252,83.7,18.5
13179,129.5,44146,90,17.3
13181,38,36741,80,10.2
13183,36.1,38785,77.5,8.9
13185,220.2,38535,83.6,22.4
13187,105.9,43704,81.5,20
13189,85,36841,71.8,12.8
13191,33.8,37194,77.5,15.2
13193,36.8,28726,71.5,11.8
13195,99.6,41407,73.9,12.5
13197,23.9,32610,75.8,6.3
13199,43.9,37028,70.1,9.2
13201,21.7,33248,78.1,11.3
13205,45.9,37597,68.1,10.7
13207,66.8,48632,78.7,18.3
13209,38.1,34933,81.7,15.4
13211,51.4,46918,80.5,24.5
13213,115,37004,68.4,7.4
13215,877.5,41088,84.3,21.7
13217,367.3,51691,83.6,19.4
13219,178,75136,90,45.2
13221,33.9,43255,76.1,14.8
13223,455.8,63023,87.9,22.3
13225,184.3,41333,80.2,17.8
13227,126.8,50582,80.4,21.9
13229,59.3,37489,77.5,11.4
13231,82.7,56433,83.3,15.6
13233,133.6,38514,72.8,11.2
13235,48.2,32424,76.2,7.3
13237,61.6,41756,81.7,18.9
13239,16.6,32656,67.8,7.6
13241,44,33533,83.4,24.2
13243,18,29071,72.1,14.8
13245,618.4,39090,82.3,19.7
13247,656.5,55819,85.1,23.7
13249,30,34691,67.5,11.3
13251,22.6,31963,75,11.9
13253,37.1,29639,81.1,10.9
13255,326.1,41163,75,14
13257,146.1,37502,77.2,14.2
13259,13.2,30417,71.4,12
13261,68,34416,76.1,18.2
13263,17.5,33404,77.4,11.2
13265,8.8,24125,60.1,8.5
13267,53.2,33863,74.1,11.3
13269,23.6,27479,70.3,6.8
13271,37.7,23777,73.3,10.2
13273,27.8,30953,63.9,10.2
13275,82.1,34419,81.7,19.1
13277,154.9,37414,76.2,17
13279,74.8,32462,81.3,14
13281,62.9,39309,85.3,21
13283,34.5,31848,74.1,9.2
13285,161.9,41961,79.8,19.6
13287,31.3,29851,69.1,11.4
13289,25.2,27715,65.2,8.7
13291,66.3,43146,83.6,21.1
13293,84,34068,75.5,11
13295,154,39578,77.2,13.6
13297,257.2,51347,80.7,17.7
13299,40.7,35431,80.9,13.4
13301,20.5,33330,71.8,5.9
13303,31.2,31784,77.1,10.9
13305,46.9,39470,78.8,10.7
13307,13.4,29583,81.1,11.8
13309,25.1,31456,75.5,8.1
13311,112.8,39666,84.3,19.6
13313,353.2,42379,68.5,14.8
13315,24.5,31712,74.9,9.2
13317,22.6,28989,74.3,15.5
13319,21.4,37500,79.9,12.4
13321,38,38336,73.2,8.3
15000,211.8,67116,90.1,29.5
15001,45.9,53591,90.9,25.9
15003,1586.7,71263,90.3,31.2
15005,7.5,56875,77.2,36.8
15007,108.2,64422,88.5,24.3
15009,133.3,64583,89.2,25.7
16000,19,46890,88.5,24.6
16001,372.8,55304,93.1,35.2
16003,2.9,36845,86.2,19.5
16005,74.5,45347,90.8,27
16007,6.1,43897,90.8,16.6
16009,12,37508,87.6,12.1
16011,21.8,46169,84.7,16.2
16013,8.1,62906,90.7,45.1
16015,3.7,47128,87.1,19.9
16017,23.6,42989,91,22.3
16019,55.9,51311,91.3,26.7
16021,8.6,35324,82.3,11.9
16023,1.3,37821,90.9,18.7
16025,1,41184,83,23.7
16027,321.6,42943,82.4,16.5
16029,3.9,49740,90,18.3
16031,8.9,39551,77.3,15.8
16033,0.6,39792,70.4,7.1
16035,3.6,42043,85.4,14.2
16037,0.9,43445,90.2,22
16039,8.8,43691,84.8,16.2
16041,19.3,46344,90.9,18
16043,7.1,42178,87.2,18.6
16045,29.8,44442,84,12.9
16047,21.2,40854,76.6,12.1
16049,1.9,36706,87.8,13.9
16051,23.9,52799,87.3,19.8
16053,37.5,39232,71.7,12.4
16055,111.3,48075,91.8,23.1
16057,34.6,39578,93.7,43.7
16059,1.7,40270,90.2,21.2
16061,8,35344,88.8,15.2
16063,4.3,45077,75.5,10.8
16065,80,33791,94.8,30.9
16067,26.5,43194,75.8,10
16069,46.3,44540,90.1,19.7
16071,3.6,44435,93.1,14.1
16073,1.5,32169,75.3,8.9
16075,55.6,44943,83.2,14.6
16077,5.6,41797,81.8,15.9
16079,4.9,37934,83.3,12.9
16081,22.6,52444,88.7,33.2
16083,40.2,43146,83.8,17.3
16085,2.7,52675,93.5,36.8
16087,7,37878,78.5,17.8
17000,231.1,56576,86.6,30.7
17001,78.5,45792,89.9,21.2
17003,35,27727,75.8,7.9
17005,46.7,50672,88.4,22.8
17007,193,61613,85.5,19.8
17009,22.7,42014,79.9,10.7
17011,40.2,48046,88.5,16.3
17013,20,48958,85.8,13.9
17015,34.6,45433,89.1,16.2
17017,36.3,41139,81.8,13.1
17019,201.8,44462,92.9,42.1
17021,49.1,43964,87.1,12.8
17023,32.6,47933,89,17.4
17025,29.5,38905,86,13.6
17027,79.7,57246,88.1,19.5
17029,106,38294,89.5,24.2
17031,5495.1,54598,83.7,33.7
17033,44.7,43923,86.3,14.8
17035,31.9,43255,88,12.7
17037,166.6,54436,91.2,28.2
17039,41.7,48750,89.8,17
17041,48,47921,81.8,14.7
17043,2799.8,77598,91.9,45.6
17045,29.8,42947,88.6,17.2
17047,30.2,39071,88.2,12.5
17049,71.5,50938,90.1,19.3
17051,30.9,43081,83.3,13.7
17053,29,50332,86.9,16.3
17055,96.8,36383,84.9,12.8
17057,42.8,42963,84,14
17059,17.3,38577,78.6,9.8
17061,25.6,42193,85.6,13.3
17063,119.8,64592,91.3,18.1
17065,19.5,39000,82.3,13
17067,24.1,43567,90.5,18.9
17069,24.3,30875,78.9,10.6
17071,19.3,47944,87.2,15.3
17073,61.3,50698,87.7,20.3
17075,26.6,48248,87.7,13.7
17077,103.1,32896,89.9,35.6
17079,19.6,47731,89.7,15.1
17081,68,42679,85.5,15.2
17083,62.2,54469,88.5,16.6
17085,37.7,52487,89.9,23.3
17087,36.6,42172,80.5,13
17089,990.8,69496,83.1,31.8
17091,167.7,49266,85.8,17.3
17093,358.2,82649,92.1,33.7
17095,73.9,40112,85.4,16.2
17097,1585.6,79666,88.6,41.5
17099,100.4,52469,88.1,15.9
17101,45.2,38326,79.3,10.5
17103,49.7,49451,86,15.4
17105,37.3,52835,84.9,13.7
17107,49,48714,85.9,16.8
17109,55.3,34186,91.6,33.5
17111,511.9,76909,91.9,31.9
17113,143.3,59410,93.4,41.1
17115,190.8,45987,87.1,20.8
17117,55.4,48739,88.3,15.3
17119,376.3,53143,89.8,23.3
17121,68.9,40097,84.9,13.6
17123,32.7,51642,90.7,16.5
17125,27.2,42929,83.8,15.9
17127,65,40885,84.3,15.6
17129,40.4,56943,90.7,21.2
17131,29.3,51216,88.1,14
17133,85.6,69291,91.5,23.6
17135,42.8,41925,84.1,12.5
17137,62.5,44731,87.4,20.5
17139,44.2,48982,84.3,15.2
17141,70.5,57094,87.9,19
17143,301.2,50689,89,28.3
17145,50.6,41333,83,13.9
17147,38.1,58837,91.9,22.8
17149,19.8,40668,84.9,12.1
17151,12.1,38651,87.2,10.7
17153,30.9,31712,78.2,11.2
17155,37.5,52409,88,15.1
17157,58.2,46148,79.9,11.6
17159,45.1,42305,89.3,18.9
17161,345,46726,86.8,22
17163,410.6,50109,88.3,24.3
17165,65.6,36083,82.8,14
17167,227.4,53508,91.5,31.2
17169,17.3,43902,88.6,17.8
17171,21.3,50702,88.5,18.3
17173,29.5,44689,88.2,14.5
17175,20.8,49693,89.3,14.3
17177,84.5,43410,88.7,17.8
17179,208.6,54617,90.9,23.5
17181,43.1,40696,82.6,18.6
17183,90.9,40463,85.8,14
17185,53.5,47426,87.3,16
17187,32.6,42773,85.5,18.6
17189,26.2,53036,87.1,18.1
17191,23.5,40654,84.1,12.5
17193,29.6,43639,85.3,12.7
17195,85.5,46444,86.5,15.6
17197,809.6,76453,90.2,31.3
17199,157.9,41319,88.4,22
17201,575.2,47597,85.3,21.2
17203,73.3,66198,93,24.3
18000,181,48393,86.6,22.7
18001,101.4,46549,84,13.3
18003,540.6,49767,88.9,26.3
18005,188.7,53692,89,27.2
18007,21.8,47240,89.2,15.1
18009,77.3,40214,86.4,10.5
18011,133.9,68284,93.3,39.4
18013,48.9,50503,88.5,22.9
18015,54.1,49232,89,14.4
18017,94.5,42679,83.5,14.3
18019,295.6,49130,85.8,18.5
18021,75.2,46916,87.6,14.3
18023,82,48352,82.3,13.1
18025,35.1,40354,81.1,12.5
18027,73.7,45231,75.4,11.8
18029,164.1,57146,88.7,17.7
18031,69.1,47810,84.8,13.8
18033,116.4,47099,88,15.4
18035,300.1,38730,85.1,22.2
18037,98,53997,85.6,19.7
18039,426.5,47308,79.9,17.9
18041,112.9,35802,76.9,8.7
18043,504.1,52803,87.7,21.7
18045,43.6,44802,83.7,10.9
18047,60.1,52234,84.8,16.8
18049,56.6,42330,85.8,13.4
18051,68.7,48171,89.4,14.4
18053,169.2,39377,84,16.3
18055,61.1,43869,84.8,11
18057,696.4,84449,96,54.4
18059,228.8,62184,91.7,24.8
18061,81.2,52263,87.5,14.8
18063,357.4,68192,93.4,31.6
18065,126.2,40519,84.5,13.9
18067,282.4,45022,87.1,19.7
18069,97,47137,88.2,15.6
18071,83.2,45666,85,13.4
18073,59.8,55509,87.5,14.3
18075,55.4,40144,84.6,9.5
18077,89.9,43635,84.2,18.2
18079,75.7,44815,84.1,8.1
18081,435.8,62754,90.7,26.4
18083,74.5,40391,85.1,14.6
18085,145.6,51141,84.5,20.2
18087,97.8,47057,60.5,10.4
18089,994.1,49443,86.5,19.5
18091,186.3,46934,85.5,17
18093,102.7,43195,82.2,12.9
18095,291.3,44035,86.8,16.8
18097,2279.6,43197,84.2,27.1
18099,106.1,48536,84.3,16.8
18101,30.8,43592,82.2,9.5
18103,98.7,39746,82.9,9.5
18105,349.7,38524,91.5,42.5
18107,75.6,47929,87.4,18
18109,170.5,56315,85.5,15
18111,35.5,48108,86.8,8.1
18113,115.7,47768,82.2,12.7
18115,71.1,50795,82.6,12.8
18117,49.8,37618,79.7,12.2
18119,56,43553,81.7,9.1
18121,39,42441,80.8,13.9
18123,50.7,45808,82.1,8.9
18125,38.4,40525,84,10.2
18127,393,62394,91.6,25.5
18129,63.3,57757,89.4,19.8
18131,30.9,45029,85.3,15.2
18133,79,50165,85.9,16.7
18135,57.9,41544,85.3,11.2
18137,64.6,49358,85.8,15.1
18139,42.6,47102,85.3,14.8
18141,583,45183,87.5,26.2
18143,127,40532,76,10.1
18145,108.1,52156,85.8,15
18147,52.8,54348,85.7,15.4
18149,75.6,38961,79.3,11.3
18151,110.7,48502,90.2,19.9
18153,48,47640,85.9,13.4
18155,48.1,43628,77.5,8.9
18157,345.7,43485,90.5,35.8
18159,61.2,53543,89.1,15.3
18161,46.6,43912,86.1,17
18163,769.7,43334,87.9,21.9
18165,63.1,43856,87.8,13.8
18167,267.4,39534,85.7,21.1
18169,79.7,44242,86.1,17.1
18171,23.3,49615,81.8,13.7
18173,155.1,63446,91.6,25.1
18175,55,39879,78.7,10.3
18177,171.5,40427,82.2,16.6
18179,75.1,48154,89.2,14.4
18181,48.8,47752,87.8,15.1
18183,99.2,51666,90.6,15.6
19000,54.5,50451,90.3,24.9
19001,13.5,47623,90.9,14.3
19003,9.5,44389,89.9,17.2
19005,22.4,47096,87.6,15.3
19007,25.9,35230,86.5,15.3
19009,13.8,41840,87.9,15
19011,36.4,55810,92.2,17.8
19013,231.7,44567,89.2,25.2
19015,46,51582,92.2,20.5
19017,55.7,58372,93.5,27.4
19019,36.7,54879,90.8,18.2
19021,35.2,46145,78.7,22.4
19023,25.6,50052,88.9,14.3
19025,17,44331,91.5,18.7
19027,36.6,48038,89.5,17.9
19029,24.7,41444,91.8,15.7
19031,31.9,57004,92.3,19.1
19033,77.7,45973,91.7,21.5
19035,20.9,45668,92.1,19
19037,24.7,42098,88.4,14.4
19039,21.5,45610,86.8,13.2
19041,29.4,45462,92.4,18.3
19043,23.3,46644,90.9,15.3
19045,70.7,48063,89.7,16.4
19047,23.9,45423,78.4,15.3
19049,112.4,71691,93.3,41.1
19051,17.4,46651,83.5,16
19053,15.9,34185,84.2,16.8
19055,30.7,49375,90.1,14.2
19057,96.9,43111,90.4,18.3
19059,43.8,52704,93.2,27
19061,154,49663,90.5,25.5
19063,26,44357,87.7,16.7
19065,28.6,42108,89.2,16.9
19067,32.6,42247,91,16.1
19069,18.4,46461,83.1,15.1
19071,14.6,49934,91.4,18
19073,16.4,44981,87.1,18.2
19075,24.8,55848,92.1,20.7
19077,18.5,50000,91.3,19.3
19079,27.2,46603,89.9,16.6
19081,19.9,48996,89.7,15.5
19083,30.8,46930,90.4,19.8
19085,21.4,53750,91.2,15.9
19087,46.4,43510,90.6,19.7
19089,20.2,45682,87,12.8
19091,22.6,48075,88.2,16.4
19093,16.4,43918,89.5,18.6
19095,27.9,57476,92.9,21
19097,31.2,45042,87.5,14.6
19099,50.4,48881,91.3,17.4
19101,38.7,47784,92.6,30.3
19103,213.1,53703,95.3,50.6
19105,35.9,50745,90.6,16.6
19107,18.1,42030,89,13.6
19109,16,49548,90.8,16.6
19111,69.3,42437,87.5,14.8
19113,294.6,55666,93.5,30
19115,28.3,50982,81.7,12.5
19117,20.7,43184,88,12.3
19119,19.7,49938,87.1,16.1
19121,27.9,56333,93.9,20.2
19123,39.2,46477,89.8,18.9
19125,60.1,53730,91.3,23.5
19127,71,47691,84.5,18.7
19129,34.4,61796,91.2,24.1
19131,23,49389,89.7,16.5
19133,13.3,42283,88,13.9
19135,18.4,43913,87.2,16.7
19137,25.3,38072,87.4,15.5
19139,97.7,51134,85.5,18
19141,25.1,45995,89.7,18.6
19143,16.2,45696,85.6,13.3
19145,29.8,41503,87.7,15.9
19147,16.7,44063,87.9,15.2
19149,29,56387,91.7,20.1
19151,12.7,42545,91.9,17.3
19153,750.5,57473,91,33.8
19155,98,49924,88.9,17.7
19157,32.3,52413,92.6,23.1
19159,9.6,42213,89.5,21.1
19161,18,44392,89.7,18.8
19163,360.7,51274,91.2,30.3
19165,20.6,46257,90.8,17.4
19167,43.9,53922,86.8,22.5
19169,156.3,49733,95.5,47.7
19171,24.6,48836,88.7,16
19173,11.9,41554,88.6,12.7
19175,29.6,41782,89,15.8
19177,15.6,40640,88.3,13.1
19179,82.5,40269,84.6,15.5
19181,81.1,63292,95.1,26.7
19183,38.2,51875,88.6,19.5
19185,12.2,36365,87.2,11.9
19187,53.1,41695,87.9,17.9
19189,27.1,46395,90,20.8
19191,30.5,52042,91.6,27.1
19193,117.1,45844,85.2,20.3
19195,19,50540,90.1,16.2
19197,22.8,43105,87.7,14.6
20000,34.9,50594,89.5,29.7
20001,26.7,40275,89.3,16.6
20003,14,40753,86.6,14.7
20005,39.3,44433,88.8,21.4
20007,4.3,41677,92,20
20009,30.9,44989,85.6,19.6
20011,23.9,39843,88.2,21.5
20013,17.5,36218,89.1,16.3
20015,46.1,57573,92.2,25.2
20017,3.6,39095,89.5,17.7
20019,5.7,35791,85.8,15.5
20021,36.8,41513,85.8,13.4
20023,2.7,36364,87.3,18.1
20025,2.3,42011,91.4,23.3
20027,13.2,41829,92.4,17.3
20029,13.3,37073,88.6,15.2
20031,13.7,49552,92.3,20.2
20033,2.4,38750,88.5,23.1
20035,32.3,40924,87.2,19.5
20037,66.4,36043,88.7,27.8
20039,3.3,35887,91.6,17.7
20041,23.3,49003,90.9,19.5
20043,20.2,45000,88,18.3
20045,243.1,47063,95.3,48.8
20047,4.9,41406,82.6,21.6
20049,4.5,34246,89.5,16.8
20051,31.6,43713,91.5,31.8
20053,9.1,43125,90.4,21.8
20055,28.2,51179,71.8,19.1
20057,30.8,49061,69.1,18
20059,45.5,50231,90.8,19.5
20061,89.3,45649,91.3,19.9
20063,2.5,41853,92.1,16.3
20065,2.9,41008,90.6,21.1
20067,13.6,59127,82,17.5
20069,6.9,55559,75.5,20.2
20071,1.6,58971,88.5,19.1
20073,5.9,37543,90.8,15.4
20075,2.7,41351,79.7,13.6
20077,7.5,42021,86.9,16.7
20079,64.3,48880,89.8,25.7
20081,7.4,49760,73.1,15.8
20083,2.2,44176,90.1,23.6
20085,20.5,54440,93.4,18.7
20087,35.9,58083,92.8,22.8
20089,3.4,39713,91,20
20091,1149.6,74761,95.6,51.3
20093,4.6,50612,77.7,14.7
20095,9.1,45817,89.2,19.6
20097,3.5,39496,92.1,22.1
20099,33.5,40587,87.8,18
20101,2.4,41536,87.9,19.6
20103,164.7,62853,91.4,28.7
20105,4.5,41050,90.5,18.8
20107,16.3,44408,88,13.9
20109,2.6,41289,89.6,19.6
20111,39.8,37954,85.3,23.7
20113,32.5,53332,87.3,25
20115,13.4,45941,89.2,20.6
20117,11.2,42464,90.2,12.8
20119,4.7,49551,86.2,22.5
20121,57,59668,92.7,23.3
20123,9.1,45237,90.6,20.7
20125,55.1,40925,87.1,18.6
20127,8.5,44070,91.1,19.2
20129,4.4,44263,86.1,19.4
20131,14.2,47476,90.8,19.4
20133,28.9,38883,88,15.5
20135,2.9,46417,91.1,17.4
20137,6.5,37656,88.8,16.7
20139,23.1,51878,90.4,19.8
20141,4.3,36489,88.9,18.7
20143,8.5,53287,89.7,19.1
20145,9.2,43676,91,21.7
20147,6.4,43476,90.5,16.1
20149,25.7,54309,93.2,29.7
20151,13.1,42825,88.9,22.2
20153,2.4,40625,90.8,22.7
20155,51.4,42207,88.6,19.5
20157,6.9,40538,93.7,19.4
20159,13.9,46155,90.3,20.9
20161,116.6,41427,95.3,45.6
20163,5.8,40000,91.4,20.1
20165,4.6,40036,87.1,17.2
20167,7.9,38168,90.1,20.2
20169,77.2,45635,88.7,24
20171,6.9,58453,88.6,19.9
20173,499.6,49451,88,28
20175,35.9,44550,64.8,13.5
20177,327.1,47701,90.3,28.8
20179,2.9,46821,92.7,20.9
20181,5.7,43012,86.9,17.2
20183,4.3,42569,88.1,13.4
20185,5.6,42006,86.6,21.8
20187,3.3,49152,73.1,15.5
20189,7.9,56019,83.3,13.1
20191,20.4,48060,91,18.4
20193,7.4,45125,89.5,23
20195,3.4,42009,89.3,19.1
20197,8.9,53292,94.9,19.8
20199,1.6,46128,88.2,23.9
20201,6.5,40469,88.6,17.3
20203,3.1,50324,81.6,18
20205,16.5,40069,81.8,11.4
20207,6.6,31779,89.4,16.4
20209,1039,39812,78.6,15.2
21000,109.9,42248,81.7,20.6
21001,46,31775,71.2,13.3
21003,58,35357,74,10.9
21005,106.1,52447,86.6,18.4
21007,33.4,41875,82,11.8
21009,86.5,38616,77.8,14.2
21011,41.6,28776,72.5,13.3
21013,79.9,25269,65.1,11.2
21015,482.3,68087,91,28.8
21017,69,42192,82.5,16
21019,309.9,38848,84.9,15.6
21021,157.8,41035,84.9,23.3
21023,41.3,39643,75.3,13.2
21025,28.2,22304,64.8,10.6
21027,35.4,38325,76.7,8.1
21029,250.2,51857,84.2,12
21031,29.8,32508,71.7,8
21033,37.7,37078,83,14.2
21035,96.6,39316,86.1,28.6
21037,597,53018,87.1,27.4
21039,26.9,35699,82.3,11.4
21041,84.1,42063,75.5,8.1
21043,67.7,35637,73.9,10
21045,35.9,27327,65.4,8.2
21047,103.1,37958,83.7,13.5
21049,141.1,45726,81.1,18.2
21051,46.3,20206,59.7,7.9
21053,52.1,27654,63.3,7.5
21055,25.9,32545,76.9,9.6
21057,22.5,29528,72.4,8.7
21059,210.9,44763,87.4,18.5
21061,40.2,35217,77.8,9.6
21063,33.5,25769,71.7,6.3
21065,58,28148,70.5,6.7
21067,1042.8,48306,88.5,39.3
21069,41.2,31979,75.8,12.7
21071,100.3,28221,68.8,12.2
21073,237.2,47062,85.5,27.5
21075,33.2,34545,78.1,11.3
21077,84.8,45400,72.5,9.7
21079,73.5,40137,79.5,14
21081,95.6,43755,81.6,11.2
21083,67.3,35514,80.8,14.6
21085,51.8,32919,72.3,7.2
21087,39.4,35313,76.1,11.2
21089,107.2,41902,79.8,15.6
21091,45.6,47895,84.7,10.9
21093,169.3,48743,87.4,19.3
21095,62.9,26914,69.1,11
21097,61.5,38690,80.2,12.6
21099,44.2,31858,68.6,8.6
21101,105.9,41473,84.7,16.5
21103,53.9,42506,79.8,13.8
21105,20.2,37535,77.7,13.8
21107,86.6,39187,79.9,13.4
21109,39.1,21448,63.1,5.7
21111,1948.1,46298,87.6,29.2
21113,282.3,48547,84.7,27.2
21115,89.2,32421,69.9,10.2
21117,996.7,53375,87,27.5
21119,46.5,31735,67.8,12.1
21121,82.5,22364,64.9,8.4
21123,54.3,37920,78.1,10.9
21125,135.6,37286,73.9,13.2
21127,38.2,32279,71,9
21129,37.8,24674,68.5,6.8
21131,28.2,29050,58.7,7.7
21133,72.6,29564,70.1,10.3
21135,28.7,27181,65.9,8.8
21137,74.1,33398,73.4,9.8
21139,30.4,40248,79,9.4
21141,48.6,35973,75.9,10.1
21143,38.9,40546,84.2,12.8
21145,263.6,44054,86.5,21.4
21147,42.9,24292,69.8,7.6
21149,37.8,40183,78.5,11.3
21151,189.6,41876,84.2,27.4
21153,43.2,25410,64.7,9.4
21155,57.8,38202,82.5,13.5
21157,104.4,45605,84.6,15.2
21159,56.3,23920,67.1,8.4
21161,72.8,40678,78.5,14
21163,93.6,45007,85.6,12.9
21165,31,28279,68.5,11
21167,85.7,47690,83.2,18
21169,34.9,35199,69.1,7.8
21171,33.3,28548,71.8,10.7
21173,134.3,37393,76.7,15.5
21175,36.5,29872,69.8,10.3
21177,67.4,37440,76.9,9.6
21179,104,45149,83.4,14.5
21181,36.6,39586,74.8,11.2
21183,40.6,38252,76.7,9.7
21185,322.2,82578,90.8,38.3
21187,30.9,45551,82.8,19.1
21189,24.1,19344,56.1,7.6
21191,53.7,48354,80.1,11.9
21193,84.5,32538,69.9,12.1
21195,82.6,33148,70.5,12
21197,70.5,28382,71.8,10.4
21199,95.8,33282,77.4,14.6
21201,22.8,26544,71.5,9.8
21203,53.9,26967,69.1,11.7
21205,83.4,32763,76.7,24.2
21207,69.2,31087,72.9,12.7
21209,167.4,57967,86.8,26.1
21211,110.8,56417,83.3,24.5
21213,74,41493,82.6,17
21215,91.4,61921,86.2,16.4
21217,92,35054,75,14.5
21219,33.3,39417,74.9,9.2
21221,32.5,43331,81,16.8
21223,58.1,52224,82.5,13.1
21225,43.8,38651,82.2,11.3
21227,210.1,43018,84.9,27.8
21229,39.4,42516,79.8,14.6
21231,45.4,26309,68.6,9.6
21233,41,42115,75.4,9.4
21235,81.4,29280,71.3,11.7
21237,33.1,21968,58.5,8.7
21239,132.1,55124,88,30.4
22000,104.9,44086,81.6,21.1
22001,94.3,37970,70.9,10.6
22003,33.8,39007,73.2,9.1
22005,369.7,66173,87.4,22.8
22007,69.2,46699,70.4,8.1
22009,50.5,32321,70.2,9.6
22011,30.8,45113,83.7,14.8
22013,17.7,30594,79.5,13.6
22015,139.3,51771,87.6,22.8
22017,290.2,39086,85.2,21.9
22019,181.2,43614,82.8,19.1
22021,19.1,38606,77.4,11.2
22023,5.3,61679,80.1,12.4
22025,14.7,37115,68,10.2
22027,22.8,32972,75.6,11.7
22029,29.9,28705,70.9,11
22031,30.4,39213,78.8,13.3
22033,966.6,46838,87.4,33.4
22035,18.4,25267,67.5,9.7
22037,44.7,37403,78.8,11.7
22039,51.3,34848,67.5,12.3
22041,33.2,34105,68.3,11.4
22043,34.7,39988,77.1,10.6
22045,127.6,42989,76,12.9
22047,54,43195,73.6,12
22049,28.6,39809,81.6,13.4
22051,1463.1,48374,83,23.3
22053,48.5,43585,76.8,12
22055,824.6,48591,84.6,27.3
22057,90.2,49262,73.3,14.8
22059,23.8,42066,79.4,13.7
22061,99.1,34152,85.3,32.3
22063,197.5,57254,83.6,17.1
22065,19.4,26178,76.6,11.5
22067,35.2,31269,75.1,11.3
22069,31.6,31830,80.7,21.6
22071,2029.4,37325,83.9,32.3
22073,251.8,39724,84,23.2
22075,29.5,55301,81.6,16.8
22077,40.9,43030,77.7,15.6
22079,99.9,40470,81.8,18.5
22081,23.4,37159,74,13
22083,37.1,38469,73.6,12.2
22085,28,36959,79.7,11.9
22087,95.1,40450,79.5,10.2
22089,189.1,60207,85.4,19.5
22091,27.4,29632,80.3,9.9
22093,91.5,52887,81.8,11.3
22095,215.5,49671,82.2,15.6
22097,90.3,34350,74.2,12.6
22099,70.7,40358,74.6,12.1
22101,98.4,40171,70,9.9
22103,276.4,61442,88.4,29.8
22105,153,40214,79.9,19.8
22107,8.7,28090,74.6,11.8
22109,90.8,48166,73.1,13.3
22111,25.9,37426,79.3,12.7
22113,49.4,43349,75.6,12.1
22115,39.4,45292,84.8,17.2
22117,70.4,30554,77.5,11.4
22119,69.5,36225,76.3,13.7
22121,123.6,49929,82.1,17
22123,32.3,30446,72.1,7.8
22125,38.8,50685,69.8,15.8
22127,16.1,30938,75.4,12.2
23000,43.1,47898,90.2,27.1
23001,230.2,45699,87,18.6
23003,10.8,37138,84.2,16.4
23005,337.2,57267,93.6,39.9
23007,18.1,40502,88.7,23.6
23009,34.3,47421,91.7,31.4
23011,140.8,46904,90.9,24.4
23013,108.8,46845,90.3,28.4
23015,75.6,48862,92.3,31.3
23017,27.8,40889,88.2,18.3
23019,45.3,43601,89.9,23.4
23021,4.4,35123,87.9,16.9
23023,139.1,56865,92.3,31.1
23025,13.3,37875,86.7,15.4
23027,53.1,41728,90,24.6
23029,12.8,35272,85.9,19.2
23031,199,56552,90.9,28
24000,594.8,72419,88.2,36.1
24001,177,39408,86.4,15.9
24003,1295.9,85690,90.4,36.3
24005,1345.5,65411,89.2,35.2
24009,416.3,92981,92.1,29.2
24011,103.5,61021,82.2,16.2
24013,373.4,83325,90.3,31.5
24015,292,66903,86.9,21
24017,320.2,92135,90.6,26.3
24019,60.3,46683,82.2,18
24021,353.5,82668,91.5,36.6
24023,46.5,45280,84.7,17.3
24025,560.1,79953,91.3,30.9
24027,1144.9,105692,94.9,58.7
24029,72.9,53480,85.5,29.6
24031,1978.2,95660,91.1,56.8
24033,1788.8,73447,85.8,29.7
24035,128.5,84483,90.3,29.9
24037,294.4,82529,89.8,28.5
24039,82.8,41420,81.6,14.3
24041,140.7,63399,88.8,32.7
24043,322.1,53180,84.2,19
24045,263.7,51739,85.4,25.6
24047,109.9,57474,88.7,27.3
24510,7671.5,40100,78.5,25.8
25000,839.4,65981,88.9,38.7
25001,548.3,60525,94.9,40.5
25003,141.6,48705,90.7,30.2
25005,991.3,55813,80.6,25.1
25007,160.2,69760,92.7,42.5
25009,1508.8,65785,88.4,36.4
25011,102.1,52246,91.2,32.3
25013,751,48866,83.5,23.9
25015,299.8,60331,92.3,42
25017,1837.9,79691,91.8,49.8
25019,226.2,84979,93.1,42.1
25021,1693.6,83733,93.5,48.2
25023,750.9,74698,91.9,32.9
25025,12415.7,51638,83.1,39.2
25027,528.6,65772,88.7,33.3
26000,174.8,48669,88.4,25.3
26001,16.2,35490,85.9,12.8
26003,10.5,38231,86.5,17.1
26005,135,51232,89.4,20.1
26007,51.8,38081,88.1,15.4
26009,49.6,42440,90,23.4
26011,43.8,36281,81.1,10.8
26013,9.9,40115,82.6,11.3
26015,107,52061,90.6,16.9
26017,243.7,45962,88.2,18.3
26019,54.8,47017,90.2,25.2
26021,276.2,42488,86.7,23.7
26023,89.4,42505,86.4,14.1
26025,192.8,42287,87.8,18.7
26027,106.7,45432,86.5,16.7
26029,62.3,48745,91.7,25.2
26031,36.6,37844,88.5,17.3
26033,24.7,41108,88.7,17.9
26035,54.8,34431,83.2,11
26037,133.1,58244,92.9,27.2
26039,25.3,39597,84.3,15
26041,31.7,42932,91.3,18.3
26043,34.4,43651,93.3,19.3
26045,187.3,54170,93,24.6
26047,69.9,50269,92.7,29.6
26049,668.5,43418,88.4,18.9
26051,51.2,38160,85.2,11.3
26053,14.9,34917,91.8,18.4
26055,187.3,50629,92.9,29.8
26057,74.7,39867,87.4,13.1
26059,78.1,43139,86.7,14.2
26061,36.3,34625,90.4,27.1
26063,39.6,40200,85.1,14
26065,505.1,45758,90.6,35.4
26067,111.9,46958,86.6,13.4
26069,47.1,36445,85.1,13.7
26071,10.1,35390,88.8,16.3
26073,122.8,36815,89.6,25.7
26075,228.4,47169,88.9,17.9
26077,445.7,46019,92.3,33.6
26079,30.6,39130,86,10.4
26081,711.5,50801,88.6,30.3
26083,4,39821,91.2,22.6
26085,20.3,30639,81.9,9.4
26087,137.4,54240,89.6,17
26089,62.5,55247,93.8,38.6
26091,133.3,48595,88.4,19.5
26093,320.2,71694,94,31.3
26095,7.4,42083,84,13.7
26097,10.9,39055,88.7,19.8
26099,1754.9,54087,87.9,22
26101,45.6,41169,87.1,17.6
26103,37.1,45495,92.3,28.6
26105,58,40683,88.1,19.5
26107,77.1,37677,88.7,21.6
26109,23,42014,89.4,13.4
26111,162,52465,91.4,31.9
26113,26.3,39735,86.5,13.4
26115,276.7,55826,88.2,17.1
26117,89.8,40068,85.8,13.3
26119,17.9,34490,83.1,10.4
26121,344.9,40298,87.8,16.8
26123,59.6,43864,85.3,13.1
26125,1385.7,66456,92.5,42.4
26127,51.9,40422,83,14.8
26129,38.5,35988,82.9,10.5
26131,5.2,34786,90.1,16.9
26133,41.5,39035,86.5,12.5
26135,15.3,32838,80.9,9.7
26137,46.9,46303,90,20
26139,468.2,55661,90.6,29.3
26141,20.3,39240,85.7,14.3
26143,47.1,33286,84.4,13.8
26145,250.2,43258,86.8,18.6
26147,226.1,48869,88.1,15.6
26149,122.4,44433,83.9,14.1
26151,44.8,40437,85.9,11.2
26153,7.2,38367,88.2,12.1
26155,133.1,47552,89.6,14.5
26157,69.4,43315,85.3,12.9
26159,125.5,44428,84.6,17.8
26161,488.4,59737,93.8,51
26163,2974.4,41886,83.5,20.6
26165,57.9,42209,87.7,16.5
27000,66.6,58476,91.6,31.8
27001,8.9,41301,89.4,15.1
27003,782.1,69139,93.1,25.8
27005,24.7,47959,90,21.4
27007,17.7,43989,89.2,29.1
27009,94.2,51159,90.1,18.8
27011,10.6,44438,89.4,16.8
27013,85.6,48911,93.1,29.6
27015,42.4,48149,89.4,18.5
27017,41.1,53553,91.1,22.4
27019,256.9,82710,94.7,42.9
27021,14.1,43042,90.1,20
27023,21.4,44712,86.7,16.6
27025,129.9,67075,92.8,18.3
27027,56.4,52108,93,30.4
27029,8.7,39143,84.6,15.7
27031,3.6,49496,93.3,34.4
27033,18.3,43111,85,17.1
27035,62.6,45853,91.7,22.2
27037,709,73723,94.5,38.4
27039,45.7,66216,90.9,22.1
27041,56.5,48436,91.3,22.5
27043,20.4,43214,89.9,16.6
27045,24.2,47940,87.3,18.7
27047,44.2,43447,87.3,14.2
27049,61,56099,91,22.2
27051,11,43777,88.7,17.2
27053,2081.7,62966,92.1,44.7
27055,34.5,53017,90.6,22.7
27057,22.1,45733,91.5,22.3
27059,86.8,58721,91.6,16.5
27061,16.9,47106,92.5,21.2
27063,14.6,47455,90.6,15.9
27065,31.1,46863,86.8,13.2
27067,53,49915,88.1,21.4
27069,4.1,50049,89.4,21.4
27071,4.3,41135,89.4,17.2
27073,9.5,48269,88.5,16.2
27075,5.2,47450,92.7,20
27077,3.1,43523,88.8,15.9
27079,61.7,58074,90.4,21.3
27081,11,46270,90.5,18.1
27083,36.2,47254,89.9,25.8
27085,74.6,57323,90.5,18.3
27087,9.7,39385,83.5,13.7
27089,5.3,49636,86.2,16.6
27091,29.3,44791,88.7,19.1
27093,38.3,51929,89.8,16.1
27095,45.6,46100,87.7,14.7
27097,29.5,46054,87.3,14.8
27099,55.1,45596,85.9,16.1
27101,12.4,47833,89.5,15.7
27103,73,59877,93,33.2
27105,29.9,45552,79.4,15.6
27107,7.9,43333,87.4,14.9
27109,220.8,66202,94.1,40.4
27111,29.1,45494,88.8,21.2
27113,22.6,45007,88,15.4
27115,21.1,44463,86.8,12.8
27117,20.6,42217,85.7,16.7
27119,16,49257,87.9,21.7
27121,16.4,49599,90.8,18.5
27123,3341.7,52713,89.7,38.8
27125,9.5,47719,87,13.9
27127,18.3,45177,87.1,16.4
27129,16,48442,87.9,15.9
27131,129.4,59533,89.8,26.9
27133,20.1,44510,89.2,17.2
27135,9.3,48612,89.1,17.5
27137,32,45399,92.5,25.5
27139,364.5,83415,94.2,36.3
27141,204.4,71819,92.7,24.3
27143,25.9,52482,86.9,13.7
27145,112.2,53035,90.4,23.9
27147,85.1,57290,90.8,23.7
27149,17.3,47712,91.4,25
27151,13.2,43846,87,14.1
27153,26.3,44202,85.2,11.8
27155,6.2,44773,89.5,16.3
27157,41.4,52346,91.2,18.6
27159,25.8,35307,88.3,13.8
27161,45.2,52357,91.5,19
27163,619.7,79571,95.9,40
27165,25.8,49307,81.6,14.9
27167,8.8,51957,89,17.3
27169,82.2,44848,89.1,25.3
27171,188.5,69674,93.3,25.4
27173,13.8,50740,89.5,18.1
28000,63.2,38718,80.3,19.7
28001,69.8,26784,79.6,18.2
28003,92.6,32221,77.7,15.3
28005,18,31402,75.1,9.4
28007,26.6,29805,70.4,16.2
28009,21.5,28666,72.7,9.5
28011,39,27173,71.8,19.5
28013,25.5,29893,68.4,9.9
28015,16.9,28793,78.8,14
28017,34.7,30395,71.8,10.9
28019,20.4,29832,79,11.3
28021,19.7,21924,83.6,17.5
28023,24.2,31059,75.8,9.5
28025,50.3,32919,79.9,16.5
28027,47.3,26050,75,16.5
28029,37.9,38154,79.9,14.4
28031,47.3,31127,78.5,15.6
28033,338.7,59734,88.1,21.3
28035,160.7,35805,83.6,26.2
28037,14.4,33250,76.6,10.1
28039,47.2,45365,85.3,10.6
28041,20.2,40404,74.3,8.6
28043,51.9,33123,76.3,17.2
28045,92.7,42591,84.7,23
28047,326,44550,83.8,20.5
28049,282,39290,84,27.7
28051,25.4,22259,69.5,11.8
28053,22.4,25730,64.7,10.9
28055,3.4,22396,59.9,4.2
28057,43.9,37769,74,11.3
28059,193.2,49620,85,18.6
28061,25.2,28914,75.8,11.7
28063,14.9,20375,75.8,19.5
28065,30.6,25842,75.1,11.6
28067,97.5,37643,77.9,16.1
28069,13.6,25584,73.9,10.9
28071,75,41166,87.3,39.7
28073,112,50075,87.9,32.5
28075,114.1,35420,81.9,17.9
28077,30,37000,80.7,11.8
28079,40.8,32537,75.7,10.3
28081,184.3,41150,82.5,20.9
28083,54.5,22353,68.3,16.1
28085,59.5,38438,81.6,17.5
28087,118.3,37626,80.8,19.8
28089,133.2,59730,88.6,44.6
28091,49.9,32117,74.2,13.4
28093,52.6,33279,70,10.6
28095,48.3,35102,76.4,13
28097,26.8,33087,73.9,15.6
28099,52.1,36128,75.2,11.3
28101,37.6,37386,82.9,13.1
28103,16.6,21798,64.7,12.1
28105,104,29013,85.9,41.7
28107,50.7,34592,72.8,14
28109,68.9,42971,81.9,14.8
28111,18.9,39070,80.3,9
28113,98.8,32751,78,16.2
28115,60.2,38574,74.1,10.6
28117,60.9,32518,73.8,11
28119,20.3,24545,65.9,11
28121,182.6,56159,87.8,28.1
28123,46.4,36999,70.5,9.6
28125,11.4,29451,71.8,19.2
28127,46.7,36606,76.9,13.4
28129,25.9,36795,78.2,13.3
28131,39.9,43731,82.8,13.1
28133,42.2,27042,68.8,13.8
28135,23.8,27092,63.7,9.1
28137,71.4,41839,80.2,14.7
28139,48.6,35769,74.3,11.3
28141,46.2,30734,76.5,11.8
28143,23.7,30470,69.9,13.7
28145,65.3,36661,76.1,13.6
28147,38.2,34045,74.6,12.6
28149,82.9,40469,82.7,23.8
28151,70.6,28591,74.6,18.8
28153,25.6,31388,73.1,10.1
28155,24.4,36392,76.3,16.9
28157,14.6,33732,71.3,9.6
28159,31.6,33007,80.6,15.3
28161,27.1,33076,76.4,12.1
28163,30.4,27979,74.4,13
29000,87.1,47202,86.8,25.4
29001,45.1,33157,87.3,27.1
29003,40,54148,89.7,19.8
29005,10.4,44330,88.2,21.7
29007,36.9,41567,82.9,14.4
29009,45.7,38321,80.8,13.2
29011,21,39144,85.4,14.8
29013,20.4,38966,82.8,10.4
29015,27.1,34512,81,12.4
29017,20,36119,77.4,9.7
29019,237.3,47123,92.4,45.9
29021,218.6,43386,86.2,19.4
29023,61.6,34080,76.6,14.2
29025,22.1,40522,86.2,12.8
29027,53.1,50669,86.7,22.2
29029,67.1,44961,89.8,20.6
29031,130.8,45795,86.1,26.7
29033,13.4,44015,83.5,17.3
29035,12.3,26689,74.5,12.5
29037,142.8,60807,91.9,21.9
29039,29.5,31353,84.3,11.8
29041,10.4,40958,84,13.7
29043,137.6,51961,91.9,26.3
29045,14.1,40333,85.8,12.7
29047,558.6,60507,91.9,30.6
29049,49.5,51439,89.6,17.1
29051,193,55580,89.5,30.9
29053,31.2,45869,84.3,17.8
29055,33.3,35947,76.6,10.2
29057,16.1,32248,84,9.5
29059,31,39132,77.3,11.7
29061,15,41133,83.9,14.6
29063,30.6,45252,83.6,11.3
29065,20.8,36715,76.5,11.8
29067,16.8,32300,80,9.7
29069,59.1,30806,69,11.3
29071,110,50098,84.9,16.7
29073,29.4,40788,83.7,14.8
29075,13.7,36307,83.7,12.8
29077,407.5,41622,89.3,27.8
29079,23.6,36590,85.4,14.5
29081,12.4,35915,83.3,8.1
29083,32,36944,85.2,15.2
29085,24.1,28850,82.1,9
29087,10.6,41737,89.6,15.5
29089,21.9,46991,85.3,23.8
29091,43.6,35625,83.4,15.7
29093,19.3,32029,76.4,10.7
29095,1115.3,46874,87.3,27.1
29097,183.9,39522,82.3,19.3
29099,333.1,56400,86.7,16.7
29101,63.4,47268,91.1,24.4
29103,8.2,34596,87.2,17
29105,46.5,39697,82.6,13.3
29107,53.1,50000,87.4,16.4
29109,63.2,39829,80.4,14.6
29111,20.2,40579,85.4,12.8
29113,83.9,53726,84,12.5
29115,20.7,38211,89.1,13.2
29117,28.5,42260,86.7,19.1
29119,42.8,37701,76.5,9.7
29121,19.4,37889,84.4,14.8
29123,24.7,35141,76.8,9.8
29125,17.4,42018,80.7,14.2
29127,65.9,40915,83.3,18
29129,8.3,34440,89.2,13.7
29131,41.8,36411,83.2,13
29133,34.9,28474,66.6,10.7
29135,37.6,50887,81.6,16.9
29137,13.6,39495,85.4,12
29139,22.8,40175,79.2,11.5
29141,34.4,36928,80.9,14
29143,28.1,34772,74.6,13.1
29145,93,41873,85,18.3
29147,26.6,38680,89.8,24
29149,13.8,27885,77.2,9.4
29151,23,47836,87.1,13.5
29153,13.1,31992,78.3,10.1
29155,37.1,28798,70.8,10.3
29157,40,44383,81.2,13
29159,61.9,38669,82.2,15.8
29161,67.2,40675,86.2,26.4
29163,27.6,42276,78.7,12
29165,212.6,66487,94.1,37.7
29167,49,38423,82.2,17.2
29169,95.5,46919,90,19.3
29171,9.6,34556,85,14.9
29173,21.6,47286,87.2,16.1
29175,52.7,36484,82.6,12.2
29177,41.3,54670,86.6,14.2
29179,8.3,33382,74.1,6.9
29181,22.4,30198,72.1,9.9
29183,643.2,71458,92.8,34.5
29185,14.6,32553,83.6,12
29186,36.4,48110,81.1,9.7
29187,144.6,37630,80.4,14.8
29189,1967.2,58630,91.5,39.3
29195,30.9,39727,80.1,16.6
29197,14.4,32862,86.5,10.4
29199,11.1,36863,78.2,18.1
29201,93.3,39113,77,13.7
29203,8.4,31748,76.4,12.6
29205,12.7,35124,89,13.2
29207,36.4,34839,76.1,11.4
29209,69.4,41069,83.8,16.2
29211,10.4,33193,81.3,10.8
29213,81.7,40120,85.7,19.8
29215,22.1,33128,80.1,11.6
29217,25.6,37312,84.6,13.7
29219,75.9,50182,84.2,15.9
29221,33.2,35148,70.4,7.5
29223,17.8,29331,73.4,8
29225,61.1,41764,82,13.8
29227,8.1,39671,86.2,15.6
29229,27.6,29212,77.3,11.6
29510,5157.5,34402,81.9,27.7
30000,6.8,45324,91.4,28.2
30001,1.7,41226,92.8,30.9
30003,2.6,37277,83.4,13.8
30005,1.5,38721,86.9,17.6
30007,4.7,44570,90.5,16.7
30009,4.9,46194,91.5,28.6
30011,0.3,35121,91.3,13.1
30013,30.1,44074,90.2,22.8
30015,1.5,40825,89.6,22.7
30017,3.1,41373,92,19.4
30019,1.2,37578,95.8,17.3
30021,3.8,51761,89.9,19.9
30023,12.6,34095,85.8,18.5
30025,1.8,49573,87.9,15.9
30027,2.7,37601,89.3,22.2
30029,17.9,45588,92,27.6
30031,34.4,51391,96,45.1
30033,0.3,37500,88.5,14.2
30035,4.5,40109,80.8,18.4
30037,0.8,36250,84.6,21.4
30039,1.8,38179,89.2,26.8
30041,5.6,46724,91.3,21.8
30043,6.9,59284,93.6,33.5
30045,1.1,40046,92.6,27.3
30047,19.3,38268,89.9,25.5
30049,18.3,53053,94.9,36.8
30051,1.6,42674,73.5,20.8
30053,5.4,32012,86.8,17.2
30055,0.7,50774,93.7,19.9
30057,2.1,45242,93.3,33.2
30059,0.8,33846,85.9,16.7
30061,3.5,36261,84.1,12.4
30063,42.1,43895,93.7,38.1
30065,2.4,38669,86.9,15.1
30067,5.6,41232,90.8,29.3
30069,0.3,38162,92.2,8.8
30071,0.8,38958,90.2,17.5
30073,3.8,38852,88.1,20.4
30075,0.5,39091,91.2,14.8
30077,3,41347,90.6,19.7
30079,0.7,34440,85.4,14.5
30081,16.8,43512,92.1,25
30083,4.7,57413,87.2,15.9
30085,4.4,37807,86.2,15.8
30087,1.8,44449,89.3,17
30089,4.1,30368,87.1,16.5
30091,2,42148,91.4,19.6
30093,47.6,40030,90.2,22.5
30095,5.1,56652,92.3,21.4
30097,2,41913,91.9,26.5
30099,2.7,40811,87.7,24.9
30101,2.8,44688,88.3,17.9
30103,0.7,38571,88.1,25.5
30105,1.5,44641,88.7,15.2
30107,1.5,32331,82.7,17
30109,1.1,43417,82.4,14.5
30111,56.2,50185,91.8,29.3
31000,23.8,50695,90.3,27.8
31001,55.7,47469,89.4,22.4
31003,7.8,40474,91.5,15.5
31005,0.6,43194,95.2,21.9
31007,0.9,27167,92.3,23.5
31009,0.7,39688,96.7,14.3
31011,8,41691,92.1,12.8
31013,10.5,44118,89.2,21.1
31015,3.9,37375,89,13.7
31017,2.6,29856,90.1,17.8
31019,47.6,49851,92.4,31.5
31021,14,45813,90.5,18.6
31023,14.4,48804,90.5,15.5
31025,45.3,63608,93.9,23.7
31027,12,42857,91.1,16.1
31029,4.4,40465,90.1,15.9
31031,1,41929,91.4,22.9
31033,8.4,50143,94.4,26.3
31035,11.4,45590,89.1,16.8
31037,25.5,46685,71.2,12.7
31039,16,46847,87.7,17.6
31041,4.2,43657,92.3,19.1
31043,79.5,43294,73,10.8
31045,6.6,36396,90.6,37.2
31047,24,45038,75.9,15.4
31049,4.4,37500,90.4,18.1
31051,12.6,44840,85.7,15.1
31053,69.4,44744,85.2,17.3
31055,1574.4,52929,89.9,35.7
31057,2.2,40278,93.3,21.7
31059,10.2,44031,93.3,16.8
31061,5.6,40556,91.3,16.5
31063,2.8,47552,94,19.4
31065,6.9,38650,86.7,17.2
31067,26.2,45573,90.9,19.7
31069,1.2,35861,91.2,19.9
31071,3.6,38973,90.9,13.3
31073,4.5,42875,95,16.3
31075,0.8,39531,93.4,15.5
31077,4.5,42396,92.1,14.9
31079,107.3,47469,83.4,16.6
31081,16.8,54980,94,22.3
31083,6.2,45396,91,17.5
31085,1.4,45536,89.4,14.8
31087,4.1,36920,90.2,12.8
31089,4.3,46292,90.1,16.6
31091,1,39125,94.1,26.5
31093,11,46358,90.8,15.5
31095,13.2,42979,89.5,13.6
31097,13.9,43643,86,11.1
31099,12.6,54611,92,25.5
31101,7.9,42705,89.2,19.7
31103,1.1,38125,92,14.4
31105,4,43191,88.4,19.8
31107,7.9,38965,88.1,17.7
31109,340.8,51059,93.4,35.9
31111,14.2,49521,92.2,19.2
31113,1.3,45625,96.8,19.8
31115,1.1,36250,92.3,14.7
31117,0.6,57917,91.6,22.7
31119,60.9,45077,86.9,20.9
31121,16.2,49262,89.9,14.7
31123,3.5,42075,85.2,21.3
31125,8.5,43399,87.7,12.7
31127,17.8,41424,91.4,23.6
31129,7.8,32444,92,13
31131,25.6,50000,89.7,22.2
31133,6.4,44477,89.5,13.7
31135,3.4,52266,93,18
31137,17,44570,93.3,22.1
31139,12.7,51205,91,14.5
31141,47.8,51273,90,17.6
31143,12.3,50298,91.8,16.1
31145,15.4,42627,92.2,20.4
31147,15.2,39512,91.2,15.4
31149,1.5,39977,92.2,22.1
31151,24.7,45347,83.8,14.1
31153,664.6,69018,94.6,35.5
31155,27.7,58348,93.1,22.8
31157,50,40939,86.5,19.6
31159,29.3,59088,92.4,26.5
31161,2.2,34588,90.2,21.2
31163,5.6,41250,87.5,15.8
31165,0.6,42386,94.6,24.7
31167,14.3,49236,92,14.1
31169,9.1,43198,89,16.9
31171,0.9,51375,93.3,18.7
31173,17.6,39568,85.5,13.3
31175,7.5,42897,91.5,18.4
31177,51.9,64737,93.4,27.4
31179,21.7,46418,92,29.1
31181,6.6,38538,90.3,16.5
31183,1.4,39653,96.6,23.5
31185,23.9,48655,91.1,22.4
32000,24.6,55553,84.2,22.2
32001,5,52589,88.4,17.8
32003,247.3,55961,83.5,22
32005,66.2,60383,92,25.3
32007,2.8,69459,84.7,16.1
32009,0.2,29438,80.5,16.2
32011,0.5,61908,88.2,22.6
32013,1.7,54943,81.6,13.4
32015,1.1,69814,77.6,13
32017,0.5,42662,85.6,16.4
32019,26,46598,85.2,13.8
32021,1.3,31108,86,7.8
32023,2.4,39740,80.6,10.6
32027,1.1,56473,80.6,12.4
32029,15.3,59386,91.6,18.1
32031,66.9,55813,86.5,27
32033,1.1,49812,85.3,13
32510,382.1,54235,87.1,21
33000,147,64664,91.2,33.1
33001,150.1,56921,89.8,28.2
33003,51.4,50555,91.1,29.7
33005,109.1,55241,90,30.2
33007,18.4,41087,84.5,16.4
33009,52.2,53000,91,36
33011,457.4,70591,90.5,34.6
33013,156.8,65722,91.8,33.4
33015,425,77470,93.9,36.8
33017,333.7,59082,90.3,30.2
33019,81.4,51678,90.1,25.8
34000,1195.5,71180,87.6,35
34001,494.1,55222,84.2,23.2
34003,3884.5,83443,91,45.1
34005,561.9,77798,91.4,33.9
34007,2321.5,61824,85.9,28.2
34009,386.9,55315,88.9,27.1
34011,324.4,52004,76.7,14
34013,6211.5,55876,82.4,31.7
34015,895.3,74830,90,27.4
34017,13731.4,57660,81.1,35.3
34019,300,103879,94,48
34021,1632.2,73883,87.1,38
34023,2621.6,78622,88.6,38.9
34025,1344.7,83842,91.6,39.6
34027,1069.8,98148,93.1,49
34029,917,60712,89.2,24.5
34031,2715.3,56299,81.7,25.4
34033,199.1,57174,85.7,18.5
34035,1071.7,98842,93,50.2
34037,287.6,84860,93.4,31.6
34039,5216.1,68688,85,31.6
34041,304.5,72615,89.5,29.2
35000,17,44631,83.1,25.4
35001,570.8,48231,86.6,31.6
35003,0.5,37857,86.8,18.8
35005,10.8,37293,76.4,16.4
35006,6,36020,77.4,9.2
35007,3.7,38012,86.5,19.6
35009,34.4,40397,81.4,19.2
35011,0.9,33714,77.1,20
35013,55,37223,76.1,25.5
35015,12.9,47725,80.6,15.7
35017,7.4,36925,85.2,24.5
35019,1.5,26152,77.8,7.8
35021,0.3,30208,88.4,16.3
35023,1.4,35532,79.4,16.6
35025,14.7,46781,72.5,13.8
35027,4.2,44557,86.5,24.9
35028,164.4,104914,98.6,63.9
35029,8.5,30921,69.8,14
35031,13.1,31947,71,11
35033,2.5,39792,86.8,14.6
35035,9.6,38588,84.2,17.6
35037,3.1,29772,78.3,14.9
35039,6.9,40232,78,16.1
35041,8.1,35841,79.1,21.4
35043,35.5,57651,90.2,28.3
35045,23.6,49024,80.7,15.2
35047,6.2,32332,82.3,21.6
35049,75.5,53698,86.8,39.6
35051,2.9,28373,84.7,18.8
35053,2.7,34148,77.8,21.1
35055,15,36205,88.4,29.2
35057,4.9,32435,81.6,12.5
35059,1.2,42230,82.2,17.2
35061,71.8,41388,81.4,16.2
36000,411.2,56951,84.6,32.5
36001,581.9,57715,91.1,37.8
36003,47.6,41900,87.9,17.4
36005,32903.6,34744,69.2,17.9
36007,284.2,45619,88.7,25.7
36009,61.4,42754,87.4,17.5
36011,115.7,50140,85,18.3
36013,127.2,41432,86.9,20.5
36015,218.1,46589,87.9,20.8
36017,56.5,44662,86,17.5
36019,79.1,49260,84.1,21.5
36021,99.4,56185,87.5,28.4
36023,98.9,45956,89.6,24
36025,33.3,43554,86.8,18.8
36027,373.9,71125,89.2,32
36029,881.4,48805,88.9,29.8
36031,21.9,46629,87.9,24.8
36033,31.7,43673,83.3,17.4
36035,112.1,45289,83.4,14.9
36037,121.9,50861,90.5,20.4
36039,76.1,47033,84.8,18.6
36041,2.8,51142,88.8,25.6
36043,45.7,42680,87.4,18.5
36045,91.6,45559,88.1,20.6
36047,35369.1,44593,78,29.2
36049,21.3,44281,86.9,13.7
36051,103.5,53231,88.2,23.3
36053,112.2,53473,89.3,24.3
36055,1132.6,52260,88.6,35.3
36057,124.6,43254,83.2,16.4
36059,4704.8,95823,89.9,41.2
36061,69467.5,67204,85,57.7
36063,414.4,46599,88.9,20.6
36065,193.7,48382,86.4,21.9
36067,600,52636,89,32.5
36069,167.6,57069,91.6,30.5
36071,459.3,70294,87.1,28.7
36073,109.6,47788,85,15
36075,128.3,47036,86.4,15.8
36077,62.2,45334,88.3,26.2
36079,432.9,92711,93.1,38.1
36081,20553.6,56406,80.1,29.8
36083,244.4,56271,89.4,27.4
36085,8030.3,72752,87.4,28.9
36087,1795.9,84661,87.9,40.8
36089,41.8,43390,86.4,18.9
36091,271.1,67186,92.6,35.4
36093,756.6,55587,90.1,28.8
36095,52.7,50795,87.2,20.5
36097,55.9,47804,88.2,17
36099,108.9,47266,83,18.3
36101,71.2,44967,87.4,19.6
36103,1637.4,87187,89.5,32.4
36105,80.1,48303,84.5,20.7
36107,98.6,53789,90.5,22.4
36109,214,49789,92.6,49.8
36111,162.3,58808,87.9,29.3
36113,75.8,53877,90.6,27.8
36115,76.1,50117,86.3,16.9
36117,155.3,54380,87.2,20.8
36119,2204.7,80725,87.3,44.5
36121,71.1,51312,86.2,14.6
36123,75,48125,84.6,23.4
37000,196.1,46291,84.1,26.5
37001,356.5,44430,81.4,21.6
37003,143.1,40658,77.3,11.3
37005,47.5,32478,73.3,15.9
37007,50.7,34659,76.8,8.4
37009,64,36498,78.6,17.7
37011,72,37985,81.5,19.3
37013,57.7,40986,81.7,19.1
37015,30.4,29326,73.5,10.8
37017,40.2,30273,75.2,9.5
37019,126.8,45132,85,23.7
37021,362.9,44321,87.9,32.1
37023,179.3,37440,75.9,15.6
37025,492.1,54280,85.5,24.1
37027,176.1,37845,75.7,13.6
37029,41.5,63998,91.7,20.2
37031,131.3,47403,87.5,23.7
37033,55.8,37926,75.8,9.4
37035,387.1,43733,81.4,19.7
37037,93.1,56935,85,36.5
37039,60.3,38621,81.7,15.2
37041,85.8,34565,75.8,15.5
37043,49.3,36711,83.8,19.4
37045,211.3,38352,79.5,15.6
37047,62,34938,78.6,11.6
37049,146,46251,87.5,21
37051,489.7,44861,88.9,21.8
37053,89.9,57588,85.3,17
37055,88.5,54750,92,31.6
37057,294.7,44728,78.9,16.8
37059,156.2,50562,84.1,23.3
37061,71.7,34264,71,10.7
37063,935.7,50078,86.9,44.3
37065,111.9,34198,77.9,10.6
37067,859.2,46417,87.3,31.3
37069,123.3,44598,80.1,15.4
37071,578.8,43052,80.1,18
37073,35.8,45183,83.4,10.7
37075,30.3,32255,79.9,12.1
37077,112.7,49090,81.7,15.3
37079,80.3,41073,75.5,11.2
37081,756.4,46288,87.1,32.8
37083,75.5,31370,74.3,11.5
37085,192.7,42965,81.7,16.9
37087,106.6,41768,84.4,22.3
37089,286.1,47371,87.2,27.5
37091,69.9,31969,74.4,14.7
37093,120.2,46540,82.4,16.1
37095,9.5,40753,75.7,10.7
37097,277.8,51139,84,22.6
37099,82.1,36826,83.5,27.1
37101,213.4,49888,82.3,19.8
37103,21.6,40687,81.2,12.5
37105,227,44836,81.4,19.2
37107,148.5,33749,77.5,14.2
37109,262.7,50279,82.1,19.7
37111,102.1,35230,78.9,13.9
37113,65.8,38653,84.3,19.8
37115,46.2,38063,79.2,16.6
37117,53.1,36345,79.7,12.9
37119,1755.5,55994,88.6,40.4
37121,70.4,36165,79.1,13.7
37123,56.5,32946,72,14.5
37125,126.5,48348,89.2,29.3
37127,177.3,45052,81.9,18.9
37129,1058.1,48893,89.5,36
37131,41.2,32090,71.4,11.5
37133,233.1,45457,88.3,18
37135,336.2,56055,90.1,54.6
37137,39.1,43658,84,18.1
37139,179.2,45298,81.5,19.8
37141,60,44568,86.2,19.3
37143,54.4,37862,86.2,16.7
37145,100.6,43271,81.1,14
37147,257.9,39824,85,28
37149,86.3,43332,87.3,26.7
37151,181.1,40602,76.8,13.8
37153,98.4,31847,77.1,11.2
37155,141.3,30874,69.3,12.5
37157,165.6,38311,76.3,13.1
37159,270.7,43121,80.4,17.4
37161,120.2,37128,80.2,15.3
37163,67.1,36832,74.8,12.6
37165,113.4,30465,77.3,14
37167,153.3,43424,79.6,15
37169,105.6,43099,80,11.3
37171,138.4,36788,74.3,14.9
37173,26.5,40719,80.3,17.7
37175,87.4,41103,86.9,27.3
37177,11.3,34071,71.5,10.1
37179,318.7,64813,87,29.9
37181,179.2,34084,73.6,11.2
37183,1078.8,65289,91.8,47.9
37185,48.9,34495,74.1,14.5
37187,38,34219,78,11.9
37189,163.4,34497,88.3,39.3
37191,221.7,41751,81.1,16
37193,91.9,33464,73.1,11.9
37195,220.6,38760,77.7,18
37197,114.7,40375,78,11.9
37199,57,38950,80.7,18.8
38000,9.7,49415,90,26.5
38001,2.4,40236,89.9,21.4
38003,7.4,43730,89.4,27.4
38005,4.8,32149,80.7,10.6
38007,0.7,53846,91,21.7
38009,3.9,44399,85.7,22.5
38011,2.7,50487,87.9,20.3
38013,1.8,54402,90.5,16.1
38015,49.8,56231,92.8,32.3
38017,84.9,49429,94.3,36.5
38019,2.7,49293,85.9,16.8
38021,4.7,41776,87.1,21
38023,1.6,47545,90.5,17.8
38025,1.8,52861,87.3,16.6
38027,3.8,40096,84,18.6
38029,2.4,36903,80,14.1
38031,5.3,47500,88.3,19.3
38033,1.7,35402,91.4,21.3
38035,46.5,46050,92.6,33.2
38037,1.4,41821,86.7,15.3
38039,3.4,43000,87.3,18
38041,2.2,41179,85.4,18.9
38043,1.8,37105,78.4,16.6
38045,3.6,49922,87.8,20
38047,2,42069,75.3,13.4
38049,2.9,41989,85.5,14.8
38051,2.9,35757,72,16.1
38053,2.3,53902,89,20.7
38055,4.2,52996,88.2,17.3
38057,8.1,62578,86.3,18.9
38059,14.3,55196,88.4,22.3
38061,4.2,56593,89.2,19.1
38063,3.2,41961,89.2,22.6
38065,2.6,61131,86.7,16.3
38067,6.6,52270,88.4,18.7
38069,4.3,40139,83.3,15.2
38071,9.6,44452,85.4,21.4
38073,6.3,47922,88,17.4
38075,2.8,50093,90.3,17.8
38077,11.4,48908,89.7,22
38079,15.4,27662,81.5,17.5
38081,4.5,52154,88.8,16.5
38083,1.4,38235,81.8,14.2
38085,3.8,32802,78.2,14.1
38087,0.6,55625,88.5,26.8
38089,18.1,54269,87.3,22.1
38091,2.8,49485,88.9,16.7
38093,9.5,46317,85.8,23.4
38095,2.2,47703,89.2,20.5
38097,9.4,48341,89.5,26
38099,8.7,46453,82.4,16.2
38101,30.6,51081,92.5,26.2
38103,3.3,42035,84.6,19.1
38105,10.8,62082,88.7,18.8
39000,282.3,48071,87.8,24.5
39001,48.9,34232,76.9,10.9
39003,264.2,43323,87.5,15.7
39005,125.6,45641,86.4,18.4
39007,144.6,41501,84.9,13.1
39009,128.6,33546,87.1,28.4
39011,114.5,52838,90.3,16.1
39013,132.3,39712,87,13.5
39015,91.5,46046,80.9,10.4
39017,788.2,55497,87.6,26.5
39019,73.1,43323,84.1,12
39021,93.5,48335,87.1,14.9
39023,348,44037,85.4,16.6
39025,436.5,60219,87.4,25.4
39027,102.9,47264,87.2,14.6
39029,202.7,41003,85.7,13
39031,65.4,40727,85.7,11.5
39033,109,41336,85.6,11
39035,2800,44088,86.7,28.6
39037,88.5,45055,85.9,10.9
39039,94.9,46864,87.9,16.5
39041,393.2,90022,95.9,50
39043,306.4,47466,89.2,20
39045,289.8,58249,91.6,24.9
39047,71.4,39263,80.9,13.4
39049,2186.1,50045,89.3,35.5
39051,105.3,51851,88.7,15.1
39053,66.3,36918,81.6,14.5
39055,233.4,66229,89.9,34.3
39057,390.5,57553,92.2,34.7
39059,76.8,38179,84.5,11.5
39061,1976.7,49218,87.9,32.9
39063,140.7,49888,90.8,24.2
39065,68.1,39945,86.6,13.9
39067,39.4,36920,85,8.6
39069,67.8,48932,89.4,14.4
39071,78.8,40423,80.6,10.4
39073,69.7,42227,85.6,12.1
39075,100.3,44746,56.4,9.3
39077,121.3,48358,86.9,12.3
39079,79,37243,79.3,14
39081,170.7,39453,87.3,14.2
39083,115.9,48734,88.2,20
39085,1011.2,55968,91,24.8
39087,137.7,38639,82.7,13.8
39089,243.9,54699,89,22.4
39091,100,47378,86.1,14.4
39093,613.6,52194,88.7,21
39095,1296.2,41949,87.3,23
39097,93.2,54366,84.7,16.4
39099,580.2,40570,87.9,20.9
39101,164.7,41337,84,12.4
39103,409,65578,93.1,30.1
39105,55.3,33708,83.2,10.9
39107,88.3,51236,89.1,14.5
39109,252.1,51438,87.5,19.7
39111,32.1,38811,85.9,9
39113,1159.5,44585,88.1,24.4
39115,36.2,35855,82.9,8.5
39117,85.8,50252,86.3,13.9
39119,129.5,40590,86.5,13.9
39121,36.8,40239,79,7.9
39123,162.5,53614,90.1,19.8
39125,47.1,43683,86.4,11.1
39127,88.4,42860,83.6,9.5
39129,111.1,51418,83.6,14.1
39131,65.2,39669,78,12.6
39133,331.2,51441,90.4,24.5
39135,99.7,48874,85.7,11.1
39137,71.5,59378,91,18.6
39139,251.3,43098,85,15.1
39141,113.3,44577,83.7,14.1
39143,149.2,47277,87.6,13.4
39145,130.3,33596,80.9,13.2
39147,103,41761,87.8,16
39149,121.2,50527,86.7,14.1
39151,652.9,45347,88.5,20.7
39153,1312.6,48790,90,29.4
39155,340.1,42441,87.1,16.6
39157,163.1,42846,85.2,15
39159,121.1,68279,91.3,27.4
39161,70.3,45111,90.6,13.9
39163,32.6,34399,76,7.9
39165,530,71961,91.1,36.5
39167,97.8,43185,88.2,15
39169,206.4,49261,84.8,19.2
39171,89.4,44604,89.5,12.7
39173,203.3,53610,92.5,30.1
39175,55.6,47958,87.3,14.2
40000,54.7,44287,85.9,23
40001,39.6,31038,76.3,11.2
40003,6.5,42730,84,18.4
40005,14.5,33919,80.5,15
40007,3.1,47386,82.1,18
40009,24.5,45726,80.9,15.2
40011,12.9,41306,81.2,15.9
40013,46.9,36661,82.3,20.5
40015,23.2,37835,81.9,13.6
40017,128.9,62355,91.2,25.6
40019,57.8,39722,83.8,17.1
40021,62.7,33990,83.6,24.5
40023,19.7,28039,78.4,11.3
40025,1.3,35440,78.5,18.7
40027,474.7,53759,90.9,31.1
40029,11.5,34217,78.8,9.8
40031,116.1,45947,89,20.4
40033,9.8,46075,84.3,15.1
40035,19.7,41010,79.8,14.7
40037,73.6,42940,84.4,15
40039,27.8,43125,83.1,23.4
40041,56.2,35552,82.8,14.9
40043,4.8,41500,85.9,20.1
40045,3.4,45017,87,22.8
40047,57.2,41688,86.5,23.1
40049,34.4,39171,82.8,15.5
40051,47.6,47456,85.3,16.6
40053,4.5,42227,90.1,21.2
40055,9.8,38882,78.4,13
40057,5.4,31211,76.1,18.4
40059,3.5,44850,83.9,14
40061,22.1,37326,77.4,11.9
40063,17.4,33895,76.3,11.4
40065,32.9,41391,82.4,20.7
40067,8.5,34256,77.1,11.3
40069,17,35789,81.4,19.8
40071,50.6,40164,85.8,19.2
40073,16.7,52130,84.9,19.5
40075,9.3,33068,84.8,17.8
40077,15.4,42610,83.1,14.2
40079,31.7,36815,79.7,11.5
40081,36,41763,85.3,12.9
40083,56.3,50249,87.2,23.1
40085,18.3,41163,81.7,14.7
40087,60.5,56128,88.2,18.9
40089,17.9,31328,80.2,12.3
40091,32.7,32305,79.5,12.8
40093,7.9,48012,85.6,16
40095,42.7,39473,79.7,15.5
40097,63,42425,84.4,13.6
40099,32.4,41403,82.7,14.9
40101,87.6,37990,83.8,17.3
40103,15.8,43324,88,18.9
40105,18.6,38459,83.2,11.3
40107,19.7,34418,80.1,11.3
40109,1013.8,44413,85.8,29.1
40111,57.5,39324,83.4,13.6
40113,21.1,42847,87,17.6
40115,67.6,36931,83.1,13
40117,29.2,41832,87.3,17.2
40119,113,35716,89,34.4
40121,35.1,41317,81.9,15.2
40123,52,40641,85.3,27.3
40125,88.2,41332,84.8,16.7
40127,8.3,29053,79.7,11.4
40129,3.2,54352,88,21.2
40131,128.6,58434,89.6,22.2
40133,40.3,33799,80.9,13.6
40135,63,38292,81.1,12.8
40137,51.8,45030,84.8,17
40139,10.1,46631,72,19.9
40141,9.2,31437,76.2,15.5
40143,1058.1,47005,88.2,29.2
40145,130.1,56819,89,21.9
40147,122.7,47144,88.6,26.1
40149,11.6,44331,84.1,16.4
40151,6.9,47255,89.3,27
40153,16.2,51087,84.3,17.5
41000,39.9,49850,88.9,29
41001,5.3,40989,88.4,19.8
41003,126.6,47716,94.2,47.4
41005,201,63790,91.8,31.6
41007,44.7,43670,91.5,22.1
41009,75.1,56270,88.4,16.8
41011,39.5,37789,87.4,18.5
41013,7,45004,85.7,15.7
41015,13.7,39787,91.7,19.6
41017,52.3,52962,93.3,29.8
41019,21.4,40501,86.8,15.7
41021,1.6,42260,86.7,18.1
41023,1.6,34367,89,17
41025,0.7,38702,88.8,16.4
41027,42.8,54109,82.5,26.5
41029,73,43386,88.8,23.7
41031,12.2,42867,83.6,16.5
41033,50.4,37824,87.4,16.8
41035,11.2,41787,86.9,19.4
41037,1,36583,87.2,17.7
41039,77.2,42621,90.3,27.8
41041,47,41764,89.9,24.4
41043,50.9,46872,88.6,16.7
41045,3.2,39013,79.6,14.2
41047,266.7,46191,82.5,20.7
41049,5.5,46110,77.1,10.7
41051,1704.9,50726,89.3,38.3
41053,101.8,52865,89.8,28.2
41055,2.1,46453,90.3,15.9
41057,22.9,41400,88.1,19.3
41059,23.6,45911,81.8,15.6
41061,12.6,40974,89,21.7
41063,2.2,39556,92.7,21.3
41065,10.6,43742,83.4,21.2
41067,731.4,63814,90.5,39.5
41069,0.8,34338,87.4,13
41071,138.6,53819,86.6,22.5
42000,283.9,51651,87.9,26.7
42001,195.5,57097,85.2,18.8
42003,1675.6,49805,92,34.5
42005,105.5,44663,88.2,13.8
42007,392.3,47928,90.1,20.3
42009,49.2,40710,84,12
42011,480.4,54823,83.8,22.1
42013,241.7,43243,90,17.3
42015,54.6,42433,85.5,16.5
42017,1034.7,76019,92.4,34.7
42019,233.1,57474,92.2,29.3
42021,208.7,41202,88.1,17.4
42023,12.8,40449,86.4,14
42025,171.1,49056,86.8,15
42027,138.7,48262,92.9,39.8
42029,664.7,86264,92.6,48.1
42031,66.6,41557,87.7,17.8
42033,71.3,39391,86,13.3
42035,44.2,39696,86,16.4
42037,139.3,44136,87,18.8
42039,87.7,40379,86.2,18.3
42041,431.6,60832,91.1,32.5
42043,510.6,53771,88.7,27
42045,3040.5,63677,91,34.5
42047,38.6,42854,89.9,15.1
42049,351.1,44503,89.5,23.6
42051,172.8,36605,83.3,13.7
42053,18.1,36006,80.7,7.8
42055,193.7,51171,84.3,18.7
42057,33.9,45960,82.8,10.7
42059,67.2,42565,85.4,15
42061,52.5,43026,86.6,13.8
42063,107.5,41424,87,20.8
42065,69.3,40058,86.5,12.3
42067,63,45496,80.9,11.5
42069,467.1,45185,87.9,24.6
42071,550.4,55816,83.3,23.2
42073,254.4,43821,87.5,19
42075,369.1,53474,84.9,18.7
42077,1012.5,54312,85.8,27.3
42079,360.4,43296,87.4,20.2
42081,94.5,43788,86.2,18.8
42083,44.4,40721,88.8,15.2
42085,173.4,43504,87.8,19.5
42087,113.6,38892,80.9,11.3
42089,279.2,57700,89,23.3
42091,1655.9,78446,92.9,44.4
42093,140.3,46421,89.1,25.6
42095,805.4,60540,87.3,26.7
42097,206.2,39605,84.9,14
42099,83.4,54626,85.2,14.7
42101,11379.5,36957,80,22.6
42103,105.3,58672,92.2,23.2
42105,16.1,40000,87,12.8
42107,190.4,44150,85,14.3
42109,120.8,46184,82.8,16.3
42111,72.4,41102,83.6,14.5
42113,14.3,38732,86.9,12.7
42115,52.7,46392,87.7,16
42117,37,42027,87.4,17.6
42119,142.2,46269,83.7,21.6
42121,81.5,40986,87.6,14.5
42123,47.3,42167,89.2,16.6
42125,242.5,51965,89.5,24.7
42127,72.8,49020,87.2,17.3
42129,355.4,48979,91.8,24.3
42131,71.2,48063,88.9,17.3
42133,481.1,58586,87.5,21.6
44000,1018.1,55975,84.3,30.6
44001,2064,70553,87.3,41.7
44003,985.9,61279,89.7,28.9
44005,809.6,69369,91.8,44.1
44007,1530.3,49411,79.7,25.8
44009,385.7,72163,92.5,42.5
45000,153.9,44587,83.6,24.2
45001,51.8,34670,77.1,13.9
45003,149.5,43999,84.4,23.7
45005,25.5,22982,72,13.4
45007,261.6,42854,80.7,18.1
45009,40.6,26697,78.3,18
45011,41.2,34546,78,10.8
45013,281.5,57133,90.6,37.5
45015,161.8,51093,86,19.2
45017,39.8,37318,83.1,20.3
45019,382.3,50133,87.9,37.7
45021,140.9,35025,74.8,11.5
45023,57.1,32112,74.7,11.1
45025,58.5,32304,74.3,12
45027,57.6,33355,75.8,13.4
45029,36.8,31700,76,14.4
45031,122.4,38567,78.3,15.8
45033,79.2,26067,67.5,7.8
45035,238.2,54875,88.9,24.6
45037,53.9,44090,80.8,17.9
45039,34.9,34117,78.9,14.8
45041,171.1,41325,81.6,20.5
45043,73.9,42677,84.5,22
45045,574.7,48518,85,30.3
45047,153.2,39366,80.6,21.9
45049,37.7,35914,76.6,11.3
45051,237.5,42877,87.4,21.9
45053,37.8,36696,75.8,11.1
45055,84.9,43509,83.3,18.2
45057,139.6,40034,80.5,16.8
45059,93.2,38713,75.4,14.9
45061,46.9,27011,67.8,8
45063,375.4,52857,87.8,27.3
45065,28.5,36243,79.6,17.3
45067,67.6,31762,80.2,12.7
45069,60.3,28511,68,8.8
45071,59.5,42866,75.9,20.1
45073,118.6,42641,82.5,21.3
45075,83.6,33162,78.4,17.3
45077,240.2,42241,81.9,23.1
45079,507.9,48485,88.8,36.1
45081,43.9,39095,77.2,13.5
45083,351.9,43563,80.4,20.4
45085,161.6,40542,81.4,17.8
45087,56.3,33679,76.6,12.7
45089,36.8,24530,77.8,11.3
45091,332.2,53536,86,28.2
46000,10.7,48010,89.8,25.8
46003,3.8,46205,89.2,13.9
46005,13.8,40455,83.7,19.4
46007,2.9,34500,80.7,15.6
46009,12.5,43456,85.4,17.5
46011,40.3,46101,92.4,38.2
46013,21.3,47327,91.3,25
46015,6.4,48170,87.7,21.8
46017,4.1,28493,78.2,9.5
46019,4.5,41145,86.5,16.9
46021,2,40385,83.4,16
46023,8.3,36757,83.9,15.4
46025,3.9,45844,86.3,17.5
46027,33.6,39118,94.6,41.7
46029,39.5,44672,90.1,24.2
46031,1.6,28506,84.3,13.2
46033,5.3,48125,92.5,30.4
46035,44.8,44597,88.9,23.1
46037,5.6,40335,88.1,16.9
46039,7,46186,84.5,17.5
46041,2.3,30645,77.4,14.2
46043,7,45957,76.6,13.7
46045,3.6,48039,85.3,23.5
46047,4.1,34948,90,20.9
46049,2.4,40125,85.8,15.7
46051,10.8,44444,85.8,18.4
46053,4.2,35975,86.6,15.1
46055,1.1,49432,93,17.2
46057,11.6,47771,88.4,18.2
46059,2.4,44375,87.1,17.9
46061,7.7,47700,87.5,21
46063,0.5,46797,88,31.2
46065,23,58082,93.4,34.9
46067,9,42386,81.4,26.1
46069,1.7,43906,86.6,17.5
46071,1.6,38581,85.9,16.7
46073,3.9,43705,83.4,14.6
46075,1,50795,89.7,16.5
46077,6.2,47152,88.6,20.8
46079,19.9,46412,91.7,26.6
46081,30.1,45137,92.7,31.2
46083,77.7,70043,95.4,36.4
46085,2.3,41389,86,19.2
46087,9.8,46964,92.3,19.6
46089,2.2,35065,73.2,17.3
46091,5.6,41731,86.6,16.2
46093,7.3,47504,92.4,21.5
46095,1.6,34013,82.6,15.4
46097,4.2,42361,88.2,20
46099,210,52758,90.8,29.2
46101,12.5,49016,90.1,21.7
46103,36.4,48378,91.7,27.7
46105,1,36042,87.4,18.3
46107,2.7,45682,86.9,19.1
46109,9.2,41483,87.3,16.1
46111,4.1,46736,87.2,16.7
46113,6.5,25228,78,13
46115,4.3,47983,86.5,19.5
46117,2.1,55679,90.9,28.2
46119,1.4,51429,92.7,28.5
46121,6.9,27431,79.7,14.9
46123,3.5,40609,87.8,18.7
46125,13.5,50143,90.9,21.5
46127,31.3,63773,91.9,29.6
46129,7.7,40879,86.3,23.5
46135,43.1,51680,89,25.9
46137,1.4,27917,81.5,13.8
47000,153.9,43989,83.2,23
47001,222.8,44872,83.9,21.4
47003,95.1,39480,75.6,12.7
47005,41.8,34152,77,11.4
47007,31.7,35137,72.6,9
47009,220.2,47298,85.9,20.5
47011,301,40541,80.2,18.4
47013,84.8,31337,69.8,9.1
47015,52,36742,76.1,12.3
47017,47.6,36455,77.3,16
47019,168.3,32148,78.6,15.7
47021,129.3,53337,82.5,18.8
47023,60,39776,78,13.8
47025,74.1,33178,70.7,12.3
47027,33.2,28682,69.7,10.8
47029,82.1,28563,72.8,8.1
47031,123.1,39268,81.8,19.1
47033,54.9,36743,76.6,11.8
47035,82.3,36955,81.3,16
47037,1243.3,46737,85.3,34.4
47039,35.2,30311,73.9,12.8
47041,61.5,36870,72.6,13.1
47043,101.4,44201,81.6,15.5
47045,74.8,38909,80.6,15.8
47047,54.5,57437,84.1,20.4
47049,36,29245,70.4,10
47051,74,41726,79.4,17.8
47053,82.4,37577,80.9,15.2
47055,48.3,37981,79.2,13.2
47057,80.7,31711,68.6,7.9
47059,110.6,36310,79.2,14.8
47061,38,25890,65,7.8
47063,388,39604,78.5,15.7
47065,620.3,45826,85.8,27.4
47067,30.7,22052,69.5,7.6
47069,40.8,32601,71.2,10.6
47071,45.1,32131,74.3,9.8
47073,116.7,36795,79,12.4
47075,35.2,33504,75.5,12.6
47077,53.4,37627,80.9,12.2
47079,57.5,36463,81.4,15.1
47081,40.3,43935,76.5,10.9
47083,42.1,34942,81.3,9.6
47085,34.9,41810,83.1,13.5
47087,37.7,32846,69.5,9.3
47089,187.6,38015,78.8,13.4
47091,61.1,32159,70.1,10.7
47093,850.5,47277,89,34
47095,47.2,26797,68.6,6.2
47097,58.9,34078,74.5,10.2
47099,67.8,35737,77.6,11.2
47101,43.1,32337,76.1,10.4
47103,58.5,41454,79,14.9
47105,211.8,50458,84.8,23.6
47107,121.5,38604,78.4,14.6
47109,46.3,34953,76.1,11.8
47111,72.4,34747,75.3,8.3
47113,176.4,40667,84.9,24
47115,56.7,39857,74.5,14.7
47117,81.5,41620,78.3,11.2
47119,132,46552,83.9,16.6
47121,60.2,34942,75,7.9
47123,70,35096,74.4,9.6
47125,319.6,49695,90.2,22.7
47127,49.2,45950,80.5,14
47129,42.1,37130,79.1,5.9
47131,58.4,39671,80.4,12.4
47133,50.9,34108,73.7,10.9
47135,19.1,31857,76.4,10.7
47137,31.2,31157,77.6,11.9
47139,38.7,36204,74.8,11.3
47141,180.3,34305,80.7,21.9
47143,100.9,36934,75.9,10.8
47145,150.2,43129,82.1,17.3
47147,139.2,50759,82.7,15.2
47149,424,54433,88.8,27
47151,41.8,29454,74,9.5
47153,53.1,33536,74.9,15.6
47155,151.7,42569,81.1,15
47157,1215.5,46102,85.5,28.3
47159,61,43580,77.8,12.3
47161,29,42771,83.5,12.9
47163,379.4,40572,82.7,20.4
47165,303.4,55211,86,23
47167,133.3,50869,84.1,13.5
47169,68.9,44163,79,12.9
47171,98.4,35265,75.3,11.7
47173,85.5,31535,70,6.6
47175,20.3,31155,75.1,8.5
47177,92.1,35575,75.8,11.8
47179,376.7,42104,85.1,28.2
47181,23.2,33630,73.9,7
47183,60.3,33932,82.4,17.8
47185,68.6,34642,74.9,11.3
47187,314.4,89063,94.5,51.5
47189,199.7,61400,87.8,24.7
48000,96.3,50920,80.4,26.1
48001,55,40577,78.7,11.5
48003,9.9,51598,73.1,13.9
48005,108.8,39325,77.8,15.6
48007,91.9,44129,86.7,23
48009,10,53113,85,18.8
48011,2.1,56538,91.4,25.2
48013,36.8,43261,75.2,12.1
48015,44,52510,82.7,19.4
48017,8.7,41106,71.7,19.1
48019,25.9,45595,87.4,21.7
48021,83.5,52882,81.1,16.8
48023,4.3,37159,86.2,23.5
48025,36.2,39247,71.2,8.7
48027,295.2,49466,88.4,20.9
48029,1383.1,48083,81.7,25.6
48031,14.8,46457,87.7,26.8
48033,0.7,59643,87,23.5
48035,18.5,44744,80.8,14.5
48037,104.6,43210,84.6,18.5
48039,230.7,67018,84.9,26.5
48041,332.8,37161,84.8,39
48043,1.5,39615,81.3,32.4
48045,1.8,34130,81.1,14.2
48047,7.7,19936,54.8,10.5
48049,40.3,39965,83,15.2
48051,26.1,42679,76.3,11.3
48053,43,48291,85.1,22.3
48055,69.8,43136,76.8,14.8
48057,42.2,44433,76.9,15
48059,15.1,45933,87,16.6
48061,456,32156,62.5,14.6
48063,63.3,36998,74.4,17
48065,6.7,60028,87,23.5
48067,32.5,35592,82.1,12.5
48069,9,36893,67.7,16
48071,58.8,72850,85.8,16.6
48073,48.3,37758,74.8,11.9
48075,10.1,47605,84.3,15.9
48077,9.9,52868,88.3,18.8
48079,4,40513,69.3,12.4
48081,3.6,40000,85.8,14
48083,7,27910,80,14.1
48085,930,82758,92.9,48.7
48087,3.3,38750,73.6,18.3
48089,21.7,43252,80.6,16.4
48091,193.9,65521,88.9,32.6
48093,14.9,36326,76.8,18.5
48095,4.2,46528,78.7,12.2
48097,43.9,50176,81.9,19
48099,71.7,48920,88.3,14.9
48101,1.7,39038,75.8,14
48103,5.6,48648,71.1,13.5
48105,1.3,51522,60,6.8
48107,6.7,35655,72,11.7
48109,0.6,37500,61.4,18
48111,4.5,47500,74.1,8.6
48113,2718,48942,76.7,28.1
48115,15.4,39454,68,8.5
48117,12.9,41134,68.6,13.9
48119,20.4,34710,84.1,12.1
48121,754.3,72305,91.4,40
48123,22.1,43380,75.4,12.3
48125,2.7,35333,74,14.6
48127,7.5,26730,57.9,11.2
48129,4,44300,83.7,18.5
48131,6.6,35144,66.3,8.2
48133,20.1,34531,79.8,15.4
48135,152.8,50056,73.1,13.3
48137,0.9,43095,73,23.3
48139,159.9,62639,83.5,20.8
48141,790.6,38259,72,19.8
48143,35,40096,80.9,24.5
48145,23.3,31543,76.3,11.7
48147,38.1,44136,81.1,14.6
48149,25.8,47285,80.1,17.6
48151,4.4,43724,82.9,15.9
48153,6.5,35967,72.6,17.3
48155,1.9,31006,75.6,21.1
48157,679.5,82571,88.6,40.7
48159,37.3,47500,83.8,22.9
48161,22.6,45816,80.4,13.5
48163,15.2,37769,63.8,8.3
48165,11.7,47157,61.9,13.3
48167,769.9,59645,86.4,27.3
48169,7.2,42883,62.4,9.9
48171,23.5,54843,86.4,25.9
48173,1.4,72188,83.2,20
48175,8.5,51389,85.2,16.4
48177,18.6,38623,69,12.8
48179,24.3,42845,78.8,12.9
48181,129.6,46993,85.7,19.8
48183,445.4,44608,82.5,20.5
48185,33.8,40509,76.6,11
48187,184.9,61608,85.4,24.1
48189,36.1,39335,69.7,13.9
48191,3.8,32059,73.6,14.3
48193,10.2,40757,82.6,22.2
48195,6.1,52610,75.6,21.4
48197,6,36568,81,17.5
48199,61.3,54588,86.1,14.9
48201,2402.4,52675,77.9,27.9
48203,72.9,45357,84.7,17.9
48205,4.1,69414,77.7,22
48207,6.5,39578,78.9,12.9
48209,231.7,58247,88.6,35.5
48211,4.2,54360,82.5,17.9
48213,89.9,41242,79.8,14.5
48215,493.2,32479,60.3,15.3
48217,36.6,39944,78.5,15
48219,25.2,48201,75.2,18.2
48221,121.7,54002,85.7,23.6
48223,45.8,42844,79.2,16.6
48225,19.3,32437,78.7,14
48227,38.9,41887,72.2,10.8
48229,0.8,22634,53.1,10.7
48231,102.5,45253,80.6,17.3
48233,25,44120,83.5,12.2
48235,1.5,45250,81,10.8
48237,9.9,46136,80.6,12.2
48239,17,50010,77.8,17.8
48241,38,40099,82.7,12.8
48243,1,49149,84.9,31.7
48245,287.9,42883,82.1,18
48247,4.7,36752,63.5,8.9
48249,47.2,37413,68.8,10.8
48251,208.3,55970,82.1,16.3
48253,21.8,37872,68.7,9.4
48255,19.8,39297,69.4,10.1
48257,132.4,60575,82.8,17.6
48259,50.4,72092,90.7,36.6
48261,0.3,45625,71.8,15.9
48263,0.9,43750,89.1,19
48265,45,44529,88.1,28
48267,3.7,43653,77.8,20.6
48269,0.3,61250,85.1,29.3
48271,2.6,25703,75.9,16.1
48273,36.4,37222,75.7,21.7
48275,4.4,32646,75.3,13.1
48277,54.9,40050,81.9,16.7
48279,13.8,35589,73,13
48281,27.6,48760,84.9,18.9
48283,4.6,25313,52.8,6
48285,19.9,43570,77.5,14.5
48287,26.4,45754,79.8,13.7
48289,15.7,42150,79.8,12.6
48291,65.3,47460,75.1,8.5
48293,25.8,42851,78.7,11.9
48295,3.5,55457,79.6,19.9
48297,11.1,45276,77.7,13.6
48299,20.7,41837,87.3,26.7
48301,0.1,78125,92.9,5.4
48303,311.3,43983,83.5,27.4
48305,6.6,46456,76.1,16
48307,7.8,37861,79.5,18.4
48309,226.5,41656,80.8,21.6
48311,0.6,29500,78.4,8.6
48313,29.3,37437,76.2,10.4
48315,27.7,31903,79.9,12.1
48317,5.2,42050,72.2,12.2
48319,4.3,41462,80.5,27.6
48321,33.4,43962,78.6,15.6
48323,42.4,29504,56.1,12.5
48325,34.7,50101,79.5,19.3
48327,2.5,41923,81.6,13.3
48329,152,57807,81.8,23.7
48331,24.3,39751,81.6,14.3
48333,6.6,38138,77.5,17.7
48335,10.3,41281,76.2,8.4
48337,21.2,43509,80.7,15.9
48339,437.5,66657,86.1,30.1
48341,24.3,48394,71.1,13.8
48343,51.3,39698,80.6,15.5
48345,1.2,33281,84.6,17.5
48347,68.2,35378,80.5,24.1
48349,47.3,41074,76.9,14.9
48351,15.5,38409,80.7,7.7
48353,16.7,37177,77.4,15
48355,405.8,44815,79.2,20.6
48357,11.1,49794,69.5,16.8
48359,1.4,57054,82,28.8
48361,245.3,48833,85.6,11.9
48363,29.5,40385,77.8,14.8
48365,29.7,48088,81.9,10.9
48367,129.4,63725,86.6,23.1
48369,11.7,40926,65,14.3
48371,3.3,40925,65.1,11.9
48373,43,36073,77.1,11.1
48375,133.3,37766,75.7,15.1
48377,2,28724,53.7,17.3
48379,47.6,45168,81.6,13.3
48381,132.4,57121,91.6,30.4
48383,2.9,58491,64.9,9.8
48385,4.7,25870,74.7,16.7
48387,12.4,36969,73.5,9.7
48389,5.2,35552,58.2,6.7
48391,9.6,42470,74.6,9.7
48393,1,61042,92.8,36.8
48395,19.4,38397,76.1,15.1
48397,616.7,82146,90.8,35.8
48399,10,38556,77.8,15.8
48401,57.7,46438,80.1,13.6
48403,22,33109,79.7,12.8
48405,16.7,26841,72.9,12.2
48407,46.3,48750,78,12.2
48409,93.5,48389,76.4,15.2
48411,5.4,38675,83.8,17.7
48413,2.6,46058,78.6,16.1
48415,18.7,46380,73.9,15.8
48417,3.7,44647,85.4,22.7
48419,32,34164,76.3,12.4
48421,3.3,49135,74.7,20.7
48423,227.6,46615,84.7,24.5
48425,45.5,48401,87.4,29.9
48427,49.8,25598,46.3,9.6
48429,10.7,37400,79.7,11.4
48431,1.2,41944,72,18
48433,1.6,47083,85.7,23.7
48435,2.8,55122,70.9,12.7
48437,8.8,38988,75.1,16.1
48439,2094.7,56178,84,28.9
48441,143.6,43065,85.2,24
48443,0.4,41417,82.5,18.8
48445,14.2,35485,67.3,14.9
48447,1.8,40380,79.2,18.4
48449,79.6,39886,72.4,13.4
48451,72.4,43465,81.9,22.3
48453,1034.4,55452,86.7,44
48455,21,38138,79.5,10.6
48457,23.5,35847,81.8,12
48459,67.4,46734,83.2,14.9
48461,2.7,52455,74.3,16.6
48463,17,34456,70.5,15.8
48465,15.5,38747,64.6,16.4
48467,62.4,42359,79.7,12.2
48469,98.4,49676,81.1,16.5
48471,86.5,36885,81.6,18.1
48473,84.1,50609,79.2,19.7
48475,12.8,41939,70.9,11.3
48477,55.8,45320,80.6,25.5
48479,74.5,37868,63.6,17.1
48481,38,43689,73.6,17.1
48483,5.9,48000,81.1,17.1
48485,209.5,44786,83.3,19.8
48487,13.9,40050,75.2,17.9
48489,37.5,22894,60.2,9.2
48491,378,71346,91.9,37.6
48493,53.4,62689,84.6,18.8
48495,8.5,44573,66.5,9.8
48497,65.4,57511,83.2,15.6
48499,65,41260,81.8,16.5
48501,9.9,48173,68.2,13.1
48503,20.3,39898,78.2,14.9
48505,14,26009,56.6,9.7
48507,9,23952,58.6,9.6
49000,33.6,57783,90.6,29.6
49001,2.6,43225,90.6,10.5
49003,8.7,55588,90.6,22.5
49005,96.7,48338,91.6,35.6
49007,14.5,43659,86.3,12.8
49009,1.5,44750,81.9,18.5
49011,1025.8,69147,95.1,34.1
49013,5.7,55790,84.5,16.8
49015,2.5,50800,89,13.1
49017,1,46029,91.2,20.9
49019,2.5,42004,84.8,27
49021,14,42226,91.5,27.1
49023,3,54000,90.3,14.1
49025,1.8,45439,92.5,26.8
49027,1.9,47062,86.2,19.5
49029,15.5,76472,96.7,27.4
49031,2.1,36667,89,16.7
49033,2.2,53924,95,20
49035,1387.1,59168,88.7,30.2
49037,1.9,37611,81,18.3
49039,17.5,44799,88.6,18.3
49041,10.9,44731,90.2,16.2
49043,19.4,84752,93.3,49.8
49045,8.4,63228,91.7,19.5
49047,7.3,62450,84.7,15
49049,257.8,59338,93.6,35.9
49051,20,64651,91.1,30.5
49053,56.9,50307,91.1,24.9
49055,1.1,49847,91.1,21.9
49057,401.4,54666,88.8,22.2
50000,67.9,53422,91,33.8
50001,48,57203,90.8,34.6
50003,55,48083,89.8,31.8
50005,48.1,44433,88.7,28.2
50007,291.7,62260,93.5,45.8
50009,9.5,37679,83,15.2
50011,75.3,55181,88.3,21.1
50013,85.2,59566,92.8,28.9
50015,53.3,53368,91.7,34.6
50017,42.1,52407,90.3,27.8
50019,39.3,40929,84.9,19.7
50021,66.3,48190,88.9,26.4
50023,86.6,57163,93,38.2
50025,56.7,48953,91.6,35
50027,58.5,53129,92.4,33.4
51000,202.6,63302,86.6,34.4
51001,73.8,41595,78.4,17.4
51003,137.3,65934,90.4,51.8
51005,36.5,44329,82.7,15.3
51007,35.7,51540,78.8,13.7
51009,68.3,44383,79.9,16.2
51011,44.9,47992,80.1,13.9
51013,7993.6,99651,92.6,70.7
51015,76.3,51719,84.3,19.1
51017,8.9,52500,81.2,13.3
51019,91.2,56021,85.6,24.8
51021,19.1,42864,81.3,10.8
51023,61.2,65633,89.5,22.9
51025,30.8,34170,69.1,13.5
51027,47.9,30606,66.9,9.4
51029,29.6,36378,69.4,13.5
51031,108.8,45992,82.6,16.1
51033,54.1,58707,81.9,17.6
51035,63.3,35841,74.4,12.6
51036,39.7,47093,74.6,12.4
51037,26.5,37173,73,15.2
51041,747.1,72886,89.9,36
51043,79.7,77048,87.5,30.7
51045,15.7,54120,89.2,15
51047,123.1,66458,83.2,21.8
51049,33.8,45184,76.6,14.1
51051,48.1,30556,66.6,8.9
51053,55.6,50583,77.7,13
51057,43.4,44581,79.3,16.2
51059,2766.8,108439,91.9,58.2
51061,100.7,87958,90.4,32.3
51063,40.2,40761,79.2,19.3
51065,89.8,68615,85.2,28.1
51067,81.3,47606,81.1,17.6
51069,189.4,66440,84.3,24.2
51071,48.6,43012,80.7,16.7
51073,169.2,62067,87.1,20
51075,77.2,81288,84.5,37.1
51077,35.1,31599,73.2,11.9
51079,117.8,58550,80.9,21.6
51081,41.5,42000,71.6,7.8
51083,44.3,34889,74.6,14.1
51085,213.1,77506,91.3,33.7
51087,1313.4,61206,89.3,39.2
51089,141.6,33695,74.4,11.3
51091,5.6,43045,75.9,22.1
51093,111.8,64925,86,25.2
51095,470.4,75938,93.1,45.6
51097,22,48170,80,11.3
51099,131.3,82173,90.9,29.5
51101,58.2,64982,88.8,18.8
51103,85.5,46625,83.5,25.6
51105,58.8,32588,72.5,11.8
51107,605.8,120096,93.6,57.6
51109,66.8,56502,82,18.1
51111,29.9,35210,69.4,9.6
51113,41.5,59734,81.8,21.4
51115,104.5,54118,86.1,22.7
51117,52.3,36069,75.8,12.7
51119,84.1,53615,86.2,25.3
51121,243.9,44231,89.2,40.7
51125,31.9,47426,78.7,24.6
51127,87.9,71198,86,22.9
51131,58.5,36965,78.2,21
51133,64.5,51256,83.1,22.2
51135,50.4,37507,75,11.9
51137,98.2,56837,83.8,21.9
51139,77.3,43435,73.1,12.1
51141,38.3,36057,73.6,10.6
51143,65.5,40333,76.8,12.7
51145,107.8,76235,81.6,24.3
51147,66.8,36789,78.9,19.7
51149,134.7,62924,84.6,16.8
51153,1195,95531,88.6,37.7
51155,109,40987,80.5,14.7
51157,27.7,64113,83,37.2
51159,48.3,46456,73.8,9.7
51161,368.7,62895,90.4,32.8
51163,37.3,45489,81,22
51165,89.9,51775,78.9,22.6
51167,61,32555,72.7,10.5
51169,43.3,35846,73.3,11.6
51171,82.5,50535,82.6,18
51173,71.4,34533,76,14.3
51175,31,46733,73.9,12.7
51177,304.9,78299,88.2,29.7
51179,479.5,94658,91.8,35.9
51181,25.3,53505,77.8,11.5
51183,24.7,40088,66.5,10.1
51185,86.9,36436,76.5,13.9
51187,176,61379,84.4,21.7
51191,97.8,41526,81.9,21
51193,76.1,52258,76.6,14.9
51195,102.8,34717,70.9,12.7
51197,63.3,40920,79.1,14.9
51199,624.8,83747,94.7,41.6
51510,9314.3,82899,91,60.1
51515,904.6,34647,83.8,20.8
51520,1370.6,32122,79.5,20.5
51530,991.9,35426,75.2,15.5
51540,4246.4,43980,85.9,48.5
51550,652,70115,89.5,28.1
51570,2315.3,51396,87.5,21.2
51580,1090.2,36242,79.6,10.7
51590,1002.8,31011,76.6,16.9
51595,859.7,30481,72.3,16
51600,3616.8,99300,93.3,52.7
51610,6169.1,120332,96,72
51620,1045.8,33956,76.8,20.1
51630,2326.2,44498,88.8,31.6
51640,854.6,24711,77.2,13
51650,2673.2,51083,89.1,22.5
51660,2808.2,37850,79.2,35.1
51670,2198,36477,76.3,10.6
51678,2820.2,33670,79,43.6
51680,1538.2,37733,85,30.1
51683,3827.6,73091,80.2,27.6
51685,5632.6,70137,82.1,22.5
51690,1261.5,32440,79.4,18.7
51700,2630,50942,89.2,23.5
51710,4486.4,43914,84.8,24.7
51720,529.1,36944,80.6,23
51730,1413.7,36289,70.8,13.9
51735,793.2,86611,93.1,36.7
51740,2838.8,46340,82.6,19.1
51750,1662.1,29101,88.3,36
51760,3414.7,39201,80.5,32.9
51770,2279.8,37753,81.5,22.4
51775,1717.9,48050,87.9,30.1
51790,1188.8,42757,83,27.9
51800,211.4,65351,85.6,25.3
51810,1758.9,65910,92.9,32.3
51820,1396.8,43605,82.4,21.1
51830,1559.3,50742,93.6,47.3
51840,2838,46065,82.2,29.2
53000,101.2,58890,89.8,31.4
53001,9.7,41219,67.5,12.5
53003,34,41993,88.7,15.9
53005,103,59974,88.2,27.7
53007,24.8,49509,82.7,23
53009,41.1,46212,91.4,24.3
53011,676.2,59051,90.8,25.8
53013,4.7,44038,87.5,18
53015,89.8,46461,86.5,15
53017,21.1,49707,80.1,17.6
53019,3.4,35684,86.1,15.5
53021,62.9,50731,68.8,15.1
53023,3.2,47379,94.4,20.6
53025,33.3,44237,75.2,15.2
53027,38.3,42729,84.4,14.2
53029,376.6,59328,94.9,30.4
53031,16.6,46887,93.7,36.1
53033,912.9,70567,91.9,45.7
53035,635.9,61112,93,28.7
53037,17.8,42769,90.7,32.5
53039,10.9,38774,87.3,18.5
53041,31.4,44373,85.6,15
53043,4.6,46765,91.5,19.2
53045,63.3,48912,87.7,18.1
53047,7.8,40537,82.5,18.3
53049,22.4,40599,85.9,16.6
53051,9.3,38922,89,17.6
53053,476.3,58824,90.1,23.6
53055,90.7,51395,94.2,44.9
53057,67.5,55555,87.9,23.7
53059,6.7,52884,90.3,22.4
53061,341.8,67777,91,28.4
53063,267.2,49257,92.5,28.6
53065,17.6,44354,90.3,19.2
53067,349.4,63129,93,32.5
53069,15.1,41149,91.3,14.8
53071,46.3,46793,87.1,24.2
53073,95.5,51389,91.4,31.8
53075,20.7,35409,95.8,48.1
53077,56.6,44419,71.4,16
54000,77.1,39550,82.6,17.6
54001,48.6,33158,79.2,12.7
54003,324.4,52504,84.9,19.4
54005,49.1,41359,72.2,8
54007,28.4,31686,74,10.1
54009,269.8,41441,88.8,15.6
54011,342.8,35691,86.2,23.6
54013,27.3,26099,71.6,7.7
54015,27.5,29105,69.8,7.6
54017,25.7,32063,78.3,10
54019,69.6,32940,78.4,10.8
54021,25.7,33309,74.7,12.5
54023,25,40008,79.4,12.5
54025,34.8,35180,79.4,17
54027,37.4,29001,77.6,8.8
54029,371.3,38369,88.2,15.5
54031,24.1,33060,79.8,9.3
54033,166.1,40556,84.8,18
54035,62.9,43191,83.3,15.5
54037,255.2,65285,86.3,28.7
54039,214.1,44265,86.5,24.1
54041,42.5,34617,81.5,13.1
54043,49.7,31880,68.8,8
54045,81,36562,75.9,9.1
54047,41.5,21967,59.9,6.3
54049,182.7,39870,85.3,19.3
54051,108.4,37313,86.6,13.2
54053,63.4,36468,79.5,11
54055,148.6,33704,80.6,16.8
54057,86.1,34691,85.9,12.5
54059,63.4,32794,70.1,8.8
54061,267.1,41325,88.4,36.8
54063,28.6,39047,78.3,13.6
54065,76.6,36703,84.1,14.9
54067,40.6,39636,80.7,12.7
54069,420,41188,90.3,26.8
54071,11.1,32989,79.3,11.9
54073,58.5,39052,89.5,10.7
54075,9.3,33816,83.2,16.4
54077,51.7,43434,82.8,12.1
54079,160.5,53640,89.3,23.7
54081,130.3,38596,78.9,16.3
54083,28.3,35560,82.1,18.1
54085,23.1,34204,80.5,11.6
54087,30.9,27772,76.3,9.5
54089,38.6,32194,77.5,12
54091,97.8,39142,83.8,14.2
54093,17,36502,83.7,15.8
54095,35.9,36563,83.8,8.8
54097,68.4,37689,81.5,14.7
54099,84,36029,77.6,12.1
54101,16.5,25990,67.9,8.6
54103,46.3,37673,83.1,13
54105,24.6,37482,85.4,10.8
54107,237.4,42257,87.3,18.7
54109,47.6,36641,73.7,9.9
55000,105,52374,89.8,26
55001,32.3,41152,85.2,11.2
55003,15.5,37900,90.8,22.6
55005,53.2,44806,87.5,17.4
55007,10.2,44190,92.8,26.7
55009,468.2,53353,90,25.9
55011,20.2,46073,88.6,16.2
55013,18.8,40686,88.6,16.4
55015,153.9,63395,92.2,26.1
55017,61.9,50239,89.2,18.1
55019,28.7,42756,81.7,11.6
55021,74.2,57805,91.2,20.5
55023,29.2,40933,89.3,15.5
55025,407.7,61913,94.4,45.4
55027,101.4,53589,86.9,15.2
55029,57.6,48680,93.5,27.9
55031,33.9,44140,91.2,21.8
55033,51.6,48342,91.2,24.9
55035,154.8,46826,92.5,31
55037,9.1,43000,87.8,14.5
55039,141.2,52717,88.6,18.7
55041,9.2,38176,86.1,12.8
55043,44.7,45022,89.2,19
55045,63.1,53933,90.2,19.1
55047,54.5,48937,87.2,15.7
55049,31.1,55625,92,21.7
55051,7.8,37413,89.3,19
55053,20.7,44106,85.2,15.8
55055,150.4,55615,90.1,22.5
55057,34.8,45507,85.4,12.5
55059,611.9,54846,88.3,23.7
55061,60.1,54783,90.5,13.6
55063,253.8,50510,93.4,28.8
55065,26.6,49850,89.5,16.5
55067,22.9,42045,87.5,12.2
55069,32.7,47426,88.1,14.7
55071,138.3,50181,90.2,17.7
55073,86.8,54316,88.8,21.2
55075,29.8,41574,88.4,14.3
55077,33.8,45046,85,12.4
55078,11.8,32017,86.3,14.1
55079,3926,43397,85.2,27.1
55081,49.6,48306,87.8,16.3
55083,37.7,49396,88,13.3
55085,32.3,45184,92.5,21.8
55087,277.2,57190,92.5,25.8
55089,370.7,75634,95.8,43.1
55091,32.2,48717,89.9,17.6
55093,71.5,61443,93.4,26.6
55095,48.4,49527,91.7,18.9
55097,87.4,51887,90.6,26.8
55099,11.3,41458,89.5,15.5
55101,587.7,54356,87.7,22.5
55103,30.7,44326,88.1,15.1
55105,223.3,50532,87.3,19.5
55107,16.2,38821,85.5,15.5
55109,116.8,68513,94.5,32
55111,74.6,51121,88.4,20.2
55113,13.2,39228,88.2,21.2
55115,47,45587,88.1,14.5
55117,225.9,52993,90.3,21.6
55119,21.2,45054,85.4,13.5
55121,39.3,47437,86.3,17.1
55123,37.6,44058,86.2,18.4
55125,25,41195,91.4,23.5
55127,184.2,55237,89.2,25.6
55129,20,41135,89.8,18.7
55131,306.2,66476,92.3,26.7
55133,709.4,75845,95.2,39.4
55135,70.1,48604,88.6,16.3
55137,39.1,43544,85.9,13.4
55139,384.3,51596,90.2,24.3
55141,94.2,47182,89.8,18.3
56000,5.8,56380,91.9,24.2
56001,8.5,45760,95,48
56003,3.7,52597,89.5,19
56005,9.6,78356,90.9,17.5
56007,2,58655,90.9,17.2
56009,3.3,56673,91.8,18.1
56011,2.5,49757,91.9,23
56013,4.4,48788,89.8,21.4
56015,6,42126,90.3,21.5
56017,2.4,43063,88.1,19.8
56019,2.1,55094,93.4,25.8
56021,34.2,54156,92.2,24.4
56023,4.4,60543,91.7,20.9
56025,14.1,53519,92.1,21.6
56027,0.9,44875,91.8,15.7
56029,4.1,50105,92.9,28.2
56031,4.2,46171,91.7,18.9
56033,11.5,51667,94.1,24.6
56035,2.1,79250,94.6,25.6
56037,4.2,72096,90.5,17
56039,5.3,73627,95,52.7
56041,10.1,59851,89.1,18.4
56043,3.8,50177,89.4,22.6
56045,3,55156,91.7,18.4
